Feedback,Sentiment,Category
teacher are punctual but they should also give us the some practical knowledge other than theortical,Neutral,Teaching
Good ,Positive,Teaching
Excellent lectures are delivered by teachers and all teachers are very punctual.,Positive,Teaching
Good,Positive,Teaching
teachers give us all the information required to improve the performance.,Positive,Teaching
Yes,Positive,Teaching
good and punctual,Positive,Teaching
It is good,Positive,Teaching
It's good when compare with my Btech lectures and teaching activities.,Positive,Teaching
way of teaching is good,Positive,Teaching
"University teaching here is very much dependent upon slides,though it is a easy way of teaching but still leaving some concepts unclear..otherwise interaction with the faculty is good.Lecture delivery sometimes is not upto the mark and punctuality is  fine. ",Neutral,Teaching
As compared to other colleges and university our university is perfect in all the aspects,Positive,Teaching
Lectures helps in clear our concept,Positive,Teaching
"Talk about punctuality, it's really good but the lecture delivery is somehow not appreciated because every teacher has different style of teaching, so lack of knowledge in terms of subject is there and interaction is also kind of boring. A teacher should be entertaining as well but they are really not. All they want us to be studios and disciplined which is really not the thinking of every student.",Neutral,Teaching
"University is very good at delivering proper lectures,also the interaction with students is descent. Sometimes the teachers lack in terms of punctuality but overall university is giving a good input. ",Positive,Teaching
lecturer are punctual and can interact them easily.,Positive,Teaching
Punctuality is good. Most of the teachers are not interacting with students .,Neutral,Teaching
nice,Positive,Teaching
lecture delivery is not so good,Negative,Teaching
It's good,Positive,Teaching
"Discipline, punctuality , lecture delivery all are good but hv to do some work for quality of lecture",Positive,Teaching
"Interaction is very good,accurate supplement material is provided but recommendation of books is very poor,the change of a particular teacher after 3 months or a semester of same subject causes problems",Neutral,Teaching
Perfect,Positive,Teaching
It is really gud,Positive,Teaching
Very good teaching and management but too much load on student and working hours,Neutral,Teaching
in terms of lecture delivery that is good.in terms of punctuality that is also good but in terms of intraction that is very bad. There are some teachers they donot interact and do not litsn our problms that means they do not coprate.,Negative,Teaching
According to me everything is going well in accordance to interaction.More than enough is served. ,Positive,Teaching
not effective and satisfactory in terms of lecture delivery by all the faculty .,Negative,Teaching
Accurate,Positive,Teaching
it is good depending on the faculty,Positive,Teaching
"maintained punctuality, good lecture delivery",Positive,Teaching
average,Neutral,Teaching
good,Positive,Teaching
"it is quite good , depending on teacher and their experience",Positive,Teaching
"it is quite good , depends upon teacher and their experience",Positive,Teaching
the way of teaching is good but the time more than enough,Positive,Teaching
good teaching delivery,Positive,Teaching
"good, teacher is delivery the lecture in the best way they can",Positive,Teaching
good and qualified teachers but few lacks in interaction with students and fails to describe a topic,Neutral,Teaching
"very good teaching facilities, lecture given are fruitful and teachers are punctual",Positive,Teaching
interaction is good but not with mostly male lecturers.punctuality is maintained by everyone but lecture delivery not peak quality.,Neutral,Teaching
all things are good,Positive,Teaching
all activties are good,Positive,Teaching
All is good. no other university is so serious about the concept of practicals.,Positive,Teaching
"lecture delivery depends on teacher's knowledge, punctuality is good",Positive,Teaching
way of teaching is average,Positive,Teaching
not so good,Negative,Teaching
the staff is highly punctual ad interactive and encourage students to participate in the class,Positive,Teaching
"staff and faculty members are always available for interaction, very punctual and delivery of lecture can be improved",Positive,Teaching
good delivery,Positive,Teaching
"our university is good in terms of lecture delivery,interaction and punctuality",Positive,Teaching
very good,Positive,Teaching
"interaction satisfied, lecture delivery good,punctuality always on time",Positive,Teaching
Excellent but it depends upon teacher,Positive,Teaching
 very good.,Positive,Teaching
it is ok,Positive,Teaching
some teachers aren't doing their jobs in very well manner,Negative,Teaching
Some of the teachers are not well experienced but they are interactive and helpful and punctual.,Positive,Teaching
not all the teachers are teaching well but it's fine,Neutral,Teaching
EXCELLENT,Positive,Teaching
"The faculty is good ,interaction between student and teacher is also good",Positive,Teaching
not good,Negative,Teaching
some of our faculty member are not so experienced that's why most of the time we are facing problems subjects like CSE(c++),Negative,Teaching
its to good ,Positive,Teaching
everything is good ,Positive,Teaching
"everything is good but when coming to some lectures who dont have a good grip on subject,they dont behave well with students and they dont even teach all the concepts in the subject. ",Negative,Teaching
excellent,Positive,Teaching
"everything was good regarding to university but, some lecturers don't have grip on the subject and lag in the teaching",Neutral,Teaching
normal,Neutral,Teaching
teaching activities of our university is good. i am satisfied with it.,Positive,Teaching
GOOD,Positive,Teaching
everything is good for faculty,Positive,Teaching
satisfactory,Positive,Teaching
all are good,Positive,Teaching
good but not good . sir improve the subject,Neutral,Teaching
"The university is good but it also has a long way to go. More teachers should have their PhD and college fests related to academic curriculum must be improved to a great extent and must be managed properly.The interaction is good, lecture delivery needs more lucidity. The punctuality is top notch.",Neutral,Teaching
"our university is good in punctuality,lecture delivery but it is not good in terms of interaction",Positive,Teaching
"interaction is very less ,when it comes to lecture delivery its fine but the co cordination not there between the lectueres",Negative,Teaching
All lectures are giving their best to teach the students,Positive,Teaching
our university is very good but in terms of interaction of teachers wd students is not at all fair because they interact wd only students understands his/her teaching they don't make remaining students to understand the topic ,Negative,Teaching
The university consists of a whole world in itself.It is diverse and manages to conduct all events properly.I love being the part of this university where we get equal and all opportunities in all respects and fields.,Positive,Teaching
"teachers are pretty interactive,But it all depends on the student to gain as much as knowledge he can from the teacher.Teachers are punctual and very helpful during exams time.",Positive,Teaching
teaching delivery is good .but it is better to reduce there speed of  lecture delivery to understand the student better,Neutral,Teaching
"overall rating on this activity is 4.5/5 .very nice teaching and interaction between students and lectures was good, every time there will be new and fresh style in  delivering the lectures ,thanks.


 ",Positive,Teaching
"excellent, but reduse the speed of teaching  ,up to understand the students",Neutral,Teaching
"teaching is ok but the interaction with the students need to improve, i mean they have to focus on dull students more  than intelligents....",Neutral,Teaching
Interaction is good but it should b more ...rest is too perfect,Positive,Teaching
"teachers are good in subject,and punctuality",Positive,Teaching
Everything would be fine if there are less number of students in our btech CSE.,Neutral,Teaching
good ,Positive,Teaching
faculties are doing quite well but need more senior lecturers.,Neutral,Teaching
satisfied,Positive,Teaching
"examination department is not good, teaching is quite good, I cant get extra time for extra knowledge, interaction is good


",Positive,Teaching
Well and Good,Positive,Teaching
university management is extordinary but some of the faculty is very bad,Neutral,Teaching
"some lectures are excellent,but not everyone",Neutral,Teaching
It is very good learning in this university,Positive,Teaching
its  booring,Neutral,Teaching
teaching is good but some lecturers are showing partiality between south people and north people,Neutral,Teaching
"teaching is good but some teachers are not able to interact properly and are not able to clear the concepts properly, teachers are punctual. 
",Neutral,Teaching
"Everything is very good. Interaction part is something like teachers mostly interact with each and every student, lecture delivery is very good and punctuality always maintains.",Positive,Teaching
"I am very much satisfied with teaching faculty interms of iteraction,lecture delivery, punctuality etc",Positive,Teaching
they are showing partiality between north indians and south indians,Negative,Teaching
"Interaction is satisfying, Lecture delivery is Good, Punctuality is Excellent

",Positive,Teaching
staff is showing partiality between north indians and south indians ,Negative,Teaching
excellent university  the mode of teaching is completely different than any other university in india. lecturers are very friendly with every one they interact just like friends and they are very punctual,Positive,Teaching
lecture delivery and punctuality was good but the interaction with students was not good.,Neutral,Teaching
punctuality and lecture is good here but interaction isn't good.,Neutral,Teaching
good enough,Positive,Teaching
"In this university there is good interaction with the students, Teachers in this university can deliver the lectures effectively, There is good punctuality in this university

",Positive,Teaching
Very good indeed. ,Positive,Teaching
"Teaching is excellent,but lecture delivery is not up to the mark.Punctuality is good",Positive,Teaching
interaction of some faculty was good but not all faculty..,Neutral,Teaching
"good, and also like the teaching style",Positive,Teaching
"Interaction between students and teachers is good ,The lectures delivery is fine, punctuality is good
 

",Positive,Teaching
not bad,Positive,Teaching
Its Quite Good,Positive,Teaching
very good indeed,Positive,Teaching
not bad..,Positive,Teaching
teaching is good some lecturers are showing partiality between south people and north people,Neutral,Teaching
I WAS A STUDENT OF A BOARDING SCHOOL .....(jnv) I STUDIED FOR 7  YEARS THERE RESIDING IN HOSTEL ..NOW LIVING IN LPU IS SAME LIKE THAT..AND STILL MORE SAME AND PUNCTUALITY IS SHOWN HERE BY BOTH TEACHERS AND STUDENTS...AND ALSO BY THE STAFF..          SECURITY IS ABOVE 90%(IN CASE OF  STUDENT IS WELL MANURED)  ....CLASSES REGULAR ....SPORTS DAILY.....PARTICIPATION WELL/.......QUALITY BELOW AVERAGE,Neutral,Teaching
All terms are good regarding the university activities,Positive,Teaching
intraction is good and leacture delivery also good and then punctuality is also is good,Positive,Teaching
all the given terms are good regarding the university ,Positive,Teaching
All the terms are good regarding the university activities.,Positive,Teaching
Some of the teacher are un experienced. Also they are unfair and baised. Infact many of the teachers are having few or no experience about the subject ,Negative,Teaching
IT IS GOING GOOD,Positive,Teaching
content of courses are average,Neutral,Course Content
Not good,Negative,Course Content
All courses material provide very good knowledge in depth .,Positive,Course Content
"Content of course is perfectly in line with the teaching philosophy that is being perpetuated here i.e cramming,rote learning.",Negative,Course Content
content of courses improves my knowledge,Positive,Course Content
Yes,Positive,Course Content
Good,Positive,Course Content
This semester university has provide best teachers ,Positive,Course Content
Needs some improvement,Negative,Course Content
Knowledge  and depth of the course  is good but while coming to the material it's not upto the mark.,Neutral,Course Content
"Knowledge,depth of course is good but course material are not upto the mark",Neutral,Course Content
course content is knowledgeable ,Positive,Course Content
Content of the courses is good but some courses need improvement. Course material is not upto the mark. ,Negative,Course Content
Very good,Positive,Course Content
Material of the course is not good enough ,Negative,Course Content
sometimes proper course material is not required.,Negative,Course Content
Easily available course material with sufficient knowledge gaining,Positive,Course Content
"The materials or links provided for study purpose is good, clarity in depth of courses but again it differs from teacher to teacher.",Positive,Course Content
The course notes are very knowledgeable and proper.,Positive,Course Content
content of the courses are update and mostly based on current technology.,Positive,Course Content
Teachers are not giving depth of course . They trying to cover there work only .,Negative,Course Content
good,Positive,Course Content
every thing is fine,Positive,Course Content
It's appreciable,Positive,Course Content
Satisfied,Positive,Course Content
The books that are recommended do not contain appropriate content; leads the students to depend on slides given by teachers. Hence the knowledge remains superficial,Negative,Course Content
Awesome,Positive,Course Content
It is proper,Positive,Course Content
Courses are very good and useful ,Positive,Course Content
Its good,Positive,Course Content
Everything is fine. Every thing is taught in depth.Even a single point is elaborated enough to understand. ,Positive,Course Content
content is good enough,Positive,Course Content
Accurate,Positive,Course Content
Perfect,Positive,Course Content
the material provided is beneficial and provides much knowledge,Positive,Course Content
fully knowledgeable,Positive,Course Content
well planned,Positive,Course Content
ok,Positive,Course Content
average,Neutral,Course Content
content is very knowledgable and gives us huge knowledge of every subject,Positive,Course Content
"content is enough, we donot need more.",Positive,Course Content
good quallity content but some teachers donot upload ppts on time,Neutral,Course Content
course content is good,Positive,Course Content
the content of the course is knowledgeable,Positive,Course Content
subjects are appropriate but much depth is required as syllabus includes only basics not the details,Neutral,Course Content
some courses are irrelevant as they are not related to my stream.,Negative,Course Content
there are many courses which are irrelevant to the branch. some topics are not covered. There is no proper material for any course,Negative,Course Content
not too bad,Positive,Course Content
course material is perfect,Positive,Course Content
not bad,Positive,Course Content
IP is provided to the students which is very helpful for the students.,Positive,Course Content
depth of course is less on the other hand knowledge and material is good,Neutral,Course Content
content does not provide deep knowledge,Negative,Course Content
sometime it is irrelevent with the ongoing courses.,Negative,Course Content
average(in one term there should be only two major subjects based on numerical),Neutral,Course Content
some of them are very helpful and knowledgeable and some are just formality,Neutral,Course Content
"very knowledgeable, some subjects do not have dedicated material like books available",Neutral,Course Content
optimum content,Positive,Course Content
very good,Positive,Course Content
it is not appropriate,Negative,Course Content
Satisfied knowedgeable and proper course material,Positive,Course Content
"Good, but there should be at least one a practical subject in every semester",Positive,Course Content
 good.,Positive,Course Content
it is not very deep,Negative,Course Content
course contents are very much relevant to our courses,Positive,Course Content
The course structure is good and follows todays technology. Some subjects portion are too vast and are difficult to cover in 1 sem,Neutral,Course Content
GOOD,Positive,Course Content
content of the course is good ,Positive,Course Content
syllabus is not in debth,Negative,Course Content
Excellent,Positive,Course Content
as per the courses all the sub are providing  worth knowledge,Positive,Course Content
i dont know,Neutral,Course Content
regarding the courses everything is good,Positive,Course Content
coming to the courses these are very well planned... and it all depends on the lectures.,Positive,Course Content
upto the mark,Positive,Course Content
It is so good.,Positive,Course Content
excellent,Positive,Course Content
content of course is ample but depth must be more,Neutral,Course Content
COURSE IS GOOD NO PROPER COURSE MATERIAL,Neutral,Course Content
Content of the courses should be changed a bit. More of industry oriented feature like Linux and GitHub must be implemented. Proper detailing and advanced knowledge is required and is to be instilled in the students.The course material is good.,Negative,Course Content
"good it was knowledgeable,depth of the course is good,there is but proper course materials in only for some  subjects",Positive,Course Content
very good and you can also increase the standard of Courses,Positive,Course Content
The courses available in the university have got a scope and the teaching of these courses goes on with the point of view of bringing out the best from the student by indulging them in different activities and projects.,Positive,Course Content
content of course is more than enough to get the basics of that particular subject.,Positive,Course Content
courses are also good .but lt of subjects in cse departments at 1st year it feels like burden upon us,Neutral,Course Content
 my rating in this is 4/5,Positive,Course Content
"good,they work very hard for us",Neutral,Course Content
syllabus is more which required time ..it should b less so that student can proper concentrate getting the knowlegde instead of just covering the syllabusgood,Negative,Course Content
when compared to other universities we need better material and exposure.,Negative,Course Content
the content of the course should be increased with the depth.,Negative,Course Content
content provided by you is excellent so that we learnt more and more about that particular subject,Positive,Course Content
content of course is appropriate ,Positive,Course Content
The content of course should be increase with depth,Negative,Course Content
In my opnion very less content is their in our syllabus..it will be good if there is more syllabus and depth included in our syllabus,Negative,Course Content
some of the faculty are not uploading ppts,Negative,Course Content
it is good learning these courses,Positive,Course Content
its very tough and very diffcult to understand,Negative,Course Content
Nice,Positive,Course Content
yeah! well some of the faculty are not teaching well but the schedule of the university are superb ... and university asked feedback from us .that is really helpful,Neutral,Course Content
The content of the courses are good but depth of courses are not enough to get the good concepts.,Neutral,Course Content
content is sufficient for us ,Positive,Course Content
"Content of courses are good, these are very knowledgeable, depth of course is also there but sometimes proper course material is not there.",Neutral,Course Content
"I like communication classes,courses are good",Positive,Course Content
they are giving good knowledge for us,Positive,Course Content
"Knowledgeable is Good, Depth of course is satisfying, proper course material is also good

",Positive,Course Content
its good,Positive,Course Content
every thing is good subjects have a very good depth almost all the  books are available   in the library and more than that 4/5,Positive,Course Content
Its nice .,Positive,Course Content
not good ,Negative,Course Content
"The material provided in this university is depth of course, The courses in this university is knowledgeable
",Positive,Course Content
The depth of course is very much  deep. According to me its very essential,Positive,Course Content
Some subjects are good and predictable.Remaining courses are not satisfactory,Neutral,Course Content
depth  of course was good ....providing a basic knowledge not so deep in subjects....at least they should provide deep knowledge and syllabus in core subjects...,Neutral,Course Content
I like this very much because every subject is linked up with real life situations and every thing in the subject is use full,Positive,Course Content
"depth of the course are depended on the level of student intake, course material is delivered after the class in UMS 

",Neutral,Course Content
Pretty Good ,Positive,Course Content
Is good,Positive,Course Content
not good enough.. we want something more.,Negative,Course Content
LESS TIME FOR STUDY ...LESS TIME FOR PAPER ATTEMTING...LESS TIME FOR EVERY THING ....LESS KNOWLEGE.....LESS DEPTH OF COURSE .....BUT PROPER COURSE MATERIAL ACCORDING TO EXAM,Negative,Course Content
knowledge is maximum gained by reading books also the teachers explain depth if we are interested to know about it.,Neutral,Course Content
HAVE TO IMPROVE,Negative,Course Content
every one can tell depth of course but some one only give notes,Neutral,Course Content
we are getting maximum knowledge ,Positive,Course Content
Knowledge is maximum gained  by reading books and also teachers explain the concept in depth.,Positive,Course Content
Its fine but it should focus more towards practical knowledge rather than content based. It would be helpful for us.,Neutral,Course Content
examination pattern is good,Positive,Examination
Good,Positive,Examination
"Exam pattern is up to the mark and the Cgpa depends on the various marks distributions like ca, mte etc which is very nice as compare to other institutions. Paper checking does not depend on length of ques but on the material which is the best part of it.",Positive,Examination
Again the university tests students of their ability to memorize stuff. Questions should emphasize more on concepts rather than testing brain's cramming storage house.,Negative,Examination
Yes,Positive,Examination
I like the question pattern,Positive,Examination
"This university is far better than other university when coming to the exam pattern,marks disturbation and while coming to paper checking no biased corrections equal to all. ",Positive,Examination
Great,Positive,Examination
exam pattern is good and good paper checking.,Positive,Examination
Pattern and procedure of the examination is very good. Paper checking needed to be improved.,Neutral,Examination
Excellent ,Positive,Examination
Good marks distribution Students can easily check there performance throught the semester,Positive,Examination
"Exam pattern and how it is conducted is really seems to be good but it's my first year and when I went to scrutiny for the first time it was not as per my expectations. Teachers have marked the answers as per their choice, they must look for the content rather than the length of answers. So poor paper checking is there.",Neutral,Examination
Descent.,Positive,Examination
Excellect,Positive,Examination
exam pattern and marks distribution is very well procedure,Positive,Examination
Average,Neutral,Examination
It is statisfactory.,Positive,Examination
not so good,Negative,Examination
all good,Positive,Examination
"Not that much good 
Students are working so hard
But they aren't getting satisfactory result",Negative,Examination
All are good except paper checking. It should be improved,Neutral,Examination
Overall all these things are the plus point of the university,Positive,Examination
Notbad,Positive,Examination
It is very gud,Positive,Examination
Examination pattern is good but marks distribution very confusing,Neutral,Examination
"Exam pattren is good, marks distribution is also good bt paper cheacking is very tight.",Positive,Examination
Everything is fine. ,Positive,Examination
satisfactory ,Positive,Examination
Very good,Positive,Examination
Accurate,Positive,Examination
it is neither too good nor too bad,Neutral,Examination
good,Positive,Examination
"examination pattern, marks, paper checking is good.",Positive,Examination
"too many examination, we are frustrated",Negative,Examination
too much examinations,Neutral,Examination
average,Neutral,Examination
examination including exam pattern is good in some ways.MCQs shouls given to students for the preparation of exams.,Positive,Examination
the level of examination should be raised. Questions with reasoning must be included,Negative,Examination
ok,Positive,Examination
fair marking scheme and adaptable pattern,Positive,Examination
pattern of examination is good but paper checking is not at all going in a good way.,Neutral,Examination
there should not be negative marking,Negative,Examination
all things are good,Positive,Examination
not bad,Positive,Examination
All is good .,Positive,Examination
"I like it , i am satisfied all these work",Positive,Examination
excellent ,Positive,Examination
quite good,Positive,Examination
very poor,Negative,Examination
exam pattern is good and good paper checking but paper checking can be improved,Positive,Examination
"exam pattern is good, very well marks distribution and paper checking varies from faculty to faculty.",Positive,Examination
all excellent,Positive,Examination
marks distribution is good but paper checking is not that well,Neutral,Examination
satisfied,Positive,Examination
Excellent,Positive,Examination
Very Tough,Negative,Examination
good.,Positive,Examination
it is good,Positive,Examination
bad,Negative,Examination
Examination pattern is good but mcq paper checking marks are not correct sometimes.,Neutral,Examination
very strict,Negative,Examination
It is a good way in pattern,Positive,Examination
Not good,Negative,Examination
as per the exam pattern maths exam always have to be subjective rather than objective.,Negative,Examination
its very bad thing not sowing answer of mcQ in exam we dont jiged what is rigth and rong where mak mistacvk ,Negative,Examination
coming to the examinations it is good,Positive,Examination
In CA's its in the hands of lectures... while in mte's and ete's its good.,Neutral,Examination
i think mid trem should be also subjective ,Neutral,Examination
exam pattern and marks distribution are good,Positive,Examination
very good,Positive,Examination
Examination pattern and marks distribution all the terms are good.Ca and MTE also give the chance to students for improving.,Positive,Examination
GOOD,Positive,Examination
in examinations please try to give question papers,Neutral,Examination
GOOD AND STRICT,Positive,Examination
not much good ,Negative,Examination
exams conducting is very good .but paper correction is very bad,Neutral,Examination
The examination pattern is good. More of logic based and subjective questions to be asked which is based upon conceptual learning. Paper checking must be done in a more lucid manner because many doubts arise with the checking of OMR sheet.,Neutral,Examination
all these are good,Positive,Examination
the best pattern of examination are in lpu .,Positive,Examination
mid term percentage should be increased so that students get more choice to get success in the examinations,Neutral,Examination
"good
",Positive,Examination
The examination system of the university is very impressive.The sitting plan of he students is made in such a way that no 2 students of same class give the exam in same room or even sometimes same blocks.Through this students also get to know and visit different blocks of the university.The checking is also fair .,Positive,Examination
Everything is pretty well organised,Positive,Examination
good ,Positive,Examination
very good 5/5,Positive,Examination
for some subjects like maths and english(passage writing) the time duration neds to increase,Negative,Examination
"Pattern is good ...marks distribution that includes ca,mt,et ,nd attendence all that is  little complicated ",Neutral,Examination
every thing is fine.,Positive,Examination
Probably the best part of university is its examination and its pattern.,Positive,Examination
"I have never seen this type of examination,,,,,,,very GOOD  pattern",Positive,Examination
"examination checking sucks here , don't knw why I get low marks even if 4 qustions are wrong . answer key of exam is absurd, discrepancy system is not advantageous, answers of exam not right, omr should be uploaded


",Negative,Examination
It is best,Positive,Examination
"examination pattern is good but,,there is blunder mistake.that is we ha no alternate to check the mistake where we have done morever no question papers also not given for discussion.so i suggest to..provide option for checking mistakes in the MCQ exams such as midterm.",Negative,Examination
excellent,Positive,Examination
time not sufficient,Negative,Examination
exam pattern is good ,Positive,Examination
excellent!!!,Positive,Examination
every thing is excllent but paper checking is not good,Neutral,Examination
We don't get answers key and even the question papers for our mcq exams.There should be some means by which we could recheck our answers and get to know what mistakes we have made.,Negative,Examination
  exam pattern is very nice but paper checking is not at all good .,Neutral,Examination
Exam pattern and marks distribution are excellent but sometimes there are some errors in paper checking.,Neutral,Examination
exam  pattern is very good but if you give question papers to students it is helpful ,Neutral,Examination
its better,Positive,Examination
"Exam pattern Very good, Marks distribution good but sometimes disappointing, paper checking OK

",Positive,Examination
yeah its obviously good,Positive,Examination
exam pattern is completely different the entire exams are objective oriented resumbling  the education in abroad my review is 5/5,Positive,Examination
everything was good.,Positive,Examination
everything is good.,Positive,Examination
"excellent but checking procedure is not exceptable since we  fail to know our faults in mid term..
",Neutral,Examination
"Excellent exam pattern, paper checking in this university is easy

",Positive,Examination
I don't like the -ve marking system. appart from that everything is great,Neutral,Examination
"Returning the question paper after the exams to be expected,because to clear and clarify the doubts regarding particular subjects",Negative,Examination
examination pattern was excellent,Positive,Examination
"Exams are conducted upon the the basis of the revised chapters upto that point, marks distribution is appropriate, paper checking is good

",Positive,Examination
very hard papers and main concept papers,Neutral,Examination
Good ,Positive,Examination
 Not so good,Negative,Examination
strict paper correction.,Negative,Examination
super but paper checking is not good,Neutral,Examination
NICE TIMING..,Positive,Examination
That's good to have a negative marking pattern in exam but the time is not sufficient to do all the questions.,Neutral,Examination
EXAMPATTERN IS GOOD AND MARKS DISTRIBUTION IS ALSO GOOD AND PAPER CHECKING IS VERY HARD ,Positive,Examination
exam pattern is good and marks distribution is also good but paper checking is too hard,Neutral,Examination
all are good ,Positive,Examination
The examination pattern is good .But time is not sufficient for those questions.,Neutral,Examination
MCQ pattern is quite good and efficient way for evolving students.,Positive,Examination
PAPER CHECKING IS VERY HARD REMAINING IS GOOD,Neutral,Examination
"not satisfactory, lab work must include latest technologies",Negative,Lab Work
Good ,Positive,Lab Work
Lab work is properly covered in the labs by the faculty and evaluations help to learn more practical knowledge in depth. ,Positive,Lab Work
Good,Positive,Lab Work
practical work provides detail knowledge of theoretical work,Positive,Lab Work
Yes,Positive,Lab Work
Everything is going fine in lab . learning new things. That is good for us,Positive,Lab Work
Lab and practical are not upto the mark. The topic which are practiced are almost already done in Btech.,Negative,Lab Work
Not upto the mark,Negative,Lab Work
lab improves practical knowledge,Negative,Lab Work
Sometimes systems at labs are screwed up .Otherwise everything is  at their respected desk.,Neutral,Lab Work
Practical work is fair,Positive,Lab Work
Practical and easy learning,Positive,Lab Work
"The evaluation is again bad for our CA, as one of our faculty is really weird. He gives us remarks on the basis of how we present things in front of it, he never look for the content of our answer, which is really annoying. As he expects us to deliver answer in the way he wants us to do. But how can a person do that, as people do have different mentality and they do explain themselves in different manner, so a teacher must understand that quality of a child and should give him marks on the basis of what they say not what they should say.",Negative,Lab Work
Good.,Positive,Lab Work
well and good infrastructure and have trending software in lab    ,Positive,Lab Work
Average,Neutral,Lab Work
3 hours practical is so long. It should be of 2 hours only ,Negative,Lab Work
ok ok,Positive,Lab Work
practicle must be of 2 hours,Negative,Lab Work
"It's good 
Also depends on teacher's knowledge and student's interest",Positive,Lab Work
All good,Positive,Lab Work
Average ,Neutral,Lab Work
Too much lanlb file work,Negative,Lab Work
Evaluation method is gud.But the content is more to write in file,Neutral,Lab Work
excellent,Positive,Lab Work
Its good,Positive,Lab Work
I think electrotherapy practical should be of 2 hours.That's enough I think.Rest is fine.,Neutral,Lab Work
lab duration of 3 hours is very long . ,Negative,Lab Work
It's good,Positive,Lab Work
lab evaluations are pretty good .they help us a lot.,Positive,Lab Work
having good material in labs.,Positive,Lab Work
too much good,Positive,Lab Work
good,Positive,Lab Work
average,Neutral,Lab Work
it is difficult to understand experiment in 1 hour,Negative,Lab Work
lab work is also good,Positive,Lab Work
lab work is quite good,Positive,Lab Work
lab activities are good but not satisfactory in explaining point of view.,Neutral,Lab Work
helps in improving skills,Positive,Lab Work
lab work is nice.,Positive,Lab Work
practical work including evaluations are good so that students can learn about practicals.,Positive,Lab Work
laboratory provides us a good knowledge about practicals.,Positive,Lab Work
practical work insome labs are not upto the marks,Negative,Lab Work
labs are good but experiments are not very informative,Neutral,Lab Work
the labs are not practically built,Negative,Lab Work
practical work is good,Positive,Lab Work
super,Positive,Lab Work
This is the best in our university because there is no other university which takes seriously for practical work.,Positive,Lab Work
"some time lab is not proper working , some teacher's practical knowledge is less on the other side evaluations is not that much good   ",Negative,Lab Work
satisfactory,Positive,Lab Work
very poor.no equipments are there,Negative,Lab Work
poor,Negative,Lab Work
lab practicals and evaluations are below average and need lot of changes and improvements,Negative,Lab Work
lab practical work can further be improved so that it can meet industrial standards,Negative,Lab Work
excellent work,Positive,Lab Work
very good,Positive,Lab Work
its hard to find a computer working in lab. Students cannot save data in one single PC,Negative,Lab Work
"Not good, becouse in lab teachers donot teach us how to work on live projects or how to make a live project. So i have ovserved that whatever teachers have been teachig us in lab that will not usefull in our future life.",Negative,Lab Work
not good..the timing is too much for labs and syllabus is also so vast.we don't get propr revision,Negative,Lab Work
satisfactory.,Positive,Lab Work
i hate it,Negative,Lab Work
Practical work is in interesting but different teachers evaluate in their own way. Some of the teachers in some section  give marks without taking viva and some does not give marks accordingly ,Negative,Lab Work
as per the lab evaluation we r satisfied with  it,Positive,Lab Work
lab and practical work are litial good,Positive,Lab Work
not very good... must be improved.,Negative,Lab Work
bad,Negative,Lab Work
With the help of practicals students are able to understand all the concept.so it is also good.,Positive,Lab Work
GOOD,Positive,Lab Work
LAB IS VERY GOOD,Positive,Lab Work
not good...... must be improve,Negative,Lab Work
Lab evaluations are good.,Positive,Lab Work
it was good but it can be improved,Neutral,Lab Work
"most of the teacher don't even bother about the practical performed by students.They give marks just by seeing face or something like that.
",Negative,Lab Work
good  but marks are not given properly ,Negative,Lab Work
Excellent,Positive,Lab Work
practicals are good but evaluations are not because they don't give enough time to work ,Neutral,Lab Work
They are conducted in proper way.,Positive,Lab Work
Teachers are supposed to let the students know the actual use of the instruments used in the lab.,Neutral,Lab Work
excellent ...they  work hard..their way of teaching is also pretty good,Positive,Lab Work
average 3.5/5,Neutral,Lab Work
"In labs,the lecturers has to interact with each student to improve their knowledge, in all the ways,before giving us the work they must explain about the experiment once so that we will come to know how to perform n take precautions while doing,........
",Neutral,Lab Work
ok,Positive,Lab Work
its fine.,Positive,Lab Work
More number of lab/practicals should be there to enhance practical knowledge.,Negative,Lab Work
Here we r able to do every thing by our own with u r valuable support ,Positive,Lab Work
pretty good,Positive,Lab Work
Very Good,Positive,Lab Work
There are no sufficient lab equipments in the labs and the avilable euipments are also not perfect.,Negative,Lab Work
it is good leaning in lab but the lab instruments are not properly working,Neutral,Lab Work
very bad,Positive,Lab Work
labs are very interesting it is helpful to know the knowledge,Positive,Lab Work
According to me students are doing lab only for marks .,Negative,Lab Work
lab practical work help us to learn the things properly and evalution is also very necessary as it helps us to retain concepts,Positive,Lab Work
Lab or practical work is excellent and yes including evaluations also.,Positive,Lab Work
lab is very much helpful,Positive,Lab Work
in lab also they are showing parilaty,Negative,Lab Work
Lab evaluations are very strict,Negative,Lab Work
the lab evaluations are very strict ,Negative,Lab Work
labs n practicals are good.,Positive,Lab Work
practicals are pretty well.,Positive,Lab Work
There is good evaluations in lab regarding practicle ,Positive,Lab Work
Very good,Positive,Lab Work
Its Good,Positive,Lab Work
lab and practical works are good..with a little draw back of faculty in connecting  the lab practical to the outside  world..,Neutral,Lab Work
I like it soo much,Positive,Lab Work
Lab is good the Prof explains everything before the lab begins and the Lab Asst helps us during the experiments ,Positive,Lab Work
very strcitly they evaluted marks ,Negative,Lab Work
Good enough,Positive,Lab Work
nice..enough,Positive,Lab Work
labs are interesting and helpful toknoe the knowledge,Positive,Lab Work
NOT GOOD ...,Negative,Lab Work
Labs helps to know how the work is done.It thought me a good lessons.,Positive,Lab Work
IT IS GOOD,Positive,Lab Work
all labs and practical going on well,Positive,Lab Work
not bad,Positive,Lab Work
Labs are upto the mark.,Positive,Lab Work
Our labs do not have all facalities. ,Negative,Lab Work
ALL PRACTICAL WORK IS GOOD,Positive,Lab Work
library facilities are good but number of books are less,Neutral,Library Facilities
Not good ,Negative,Library Facilities
Library facilities are excellent in terms of good techniques that are used over there.,Positive,Library Facilities
"Its the best thing i have seen in this university,albeit the behaviour of library staff is unprofessional at times. They are whimsically rude.",Neutral,Library Facilities
library has huge collection of books from different authors,Positive,Library Facilities
Yes,Positive,Library Facilities
Hardworking,Positive,Library Facilities
I am satisfied with the facilities but few books are limited of  database distribution ,Neutral,Library Facilities
Its required some libral in rules,Negative,Library Facilities
Good,Positive,Library Facilities
good library facilities,Positive,Library Facilities
Library facilities are very good. No issues ,Positive,Library Facilities
Excellent,Positive,Library Facilities
Again some of the faculties don't know how to behave otherwise it is good.,Neutral,Library Facilities
Descent.,Positive,Library Facilities
library is very well managed and provide needed facilities to us,Positive,Library Facilities
They are doing there job well,Positive,Library Facilities
"Well... all the books are not avilable . If they are in library , books are in less number and strength of student are large.",Negative,Library Facilities
all books are not available,Negative,Library Facilities
the system in library usually does not work . so it creates a problem for us to issue the book,Negative,Library Facilities
"Sometimes only book is available for some subjects
And it is reserved",Negative,Library Facilities
Its very helpful,Positive,Library Facilities
"Awesome, peaceful, relaxing atmosphere",Positive,Library Facilities
All books are not available,Negative,Library Facilities
I think number of books are very less according to the students .Only 2-3 copies are available.,Negative,Library Facilities
good,Positive,Library Facilities
Thats good,Positive,Library Facilities
I think stock is not enough more books are required. ,Negative,Library Facilities
very cooperative ,Positive,Library Facilities
Nice,Positive,Library Facilities
Satisfactory,Positive,Library Facilities
Fine ,Positive,Library Facilities
Fine,Positive,Library Facilities
library facilities provided are excellent,Positive,Library Facilities
good facilities,Positive,Library Facilities
average,Neutral,Library Facilities
better,Positive,Library Facilities
excellent,Positive,Library Facilities
some books are not available. So please provide,Negative,Library Facilities
there are doing there job good,Positive,Library Facilities
all are hardworking and punctual,Positive,Library Facilities
library is awesome and rich,Positive,Library Facilities
they are good,Positive,Library Facilities
library facility is good,Positive,Library Facilities
library facilities are good for students.,Positive,Library Facilities
very good library facilities. Issuing time of book must be increased,Positive,Library Facilities
more books should be provided and the issue period should be increased,Negative,Library Facilities
never went there,Neutral,Library Facilities
book issuing time should be increased for 2 weeks,Negative,Library Facilities
Really our library provides very good facilites for students and teachers but fine  system was not good it was directly increased upto 10.This is not a good thing.,Neutral,Library Facilities
Its good and proper design,Positive,Library Facilities
average,Positive,Library Facilities
library contains all the books regarding courses and other materials and very cooperative library staff,Positive,Library Facilities
all the books are easily available and accessable and the limit of book issued need to be increased,Positive,Library Facilities
all are good,Positive,Library Facilities
library facilities are good . Every book is available in the library,Positive,Library Facilities
"as per libraries, few books are not available and in computer library there are hardly 5 PCs working",Negative,Library Facilities
books are less,Negative,Library Facilities
good.,Positive,Library Facilities
i love it,Positive,Library Facilities
i think library facilities are only for hostelers ,Negative,Library Facilities
Capacity of library is less compared to size of university.,Negative,Library Facilities
library has providing excellent facilities,Positive,Library Facilities
It will provide us various books to increase our knowledge or to understand the  concept because it is good,Positive,Library Facilities
duration of issuing   books from library should be changed from 1week to 2 week that would be great.,Negative,Library Facilities
absolutely fine all books are there but the thing is that the time limit is very less we have to return the book that we have issued  very fast,Negative,Library Facilities
i dont think about ,Neutral,Library Facilities
very good,Neutral,Library Facilities
very good.,Positive,Library Facilities
very good,Positive,Library Facilities
It is excellent.,Positive,Library Facilities
GOOD,Positive,Library Facilities
good ,Positive,Library Facilities
library facilities need to be improve by bringing some more books,Negative,Library Facilities
EXELLENT,Positive,Library Facilities
Library facilities are the strength of this university. It is awesome.,Positive,Library Facilities
Almost each and every books is there.But the time limit for keeping book is too much shorted. ,Neutral,Library Facilities
"waste ,library is not the good place to study",Negative,Library Facilities
It's good but we don't find the books because their are much less number of books,Neutral,Library Facilities
perfect,Positive,Library Facilities
They are good.,Positive,Library Facilities
it is very nice and timings of library is good 5/5,Positive,Library Facilities
"good but there is more need of keeping books of general topics about social,polity,gk,...etc other than related to subject so that we will get some knowledge about country related issues..............",Neutral,Library Facilities
Books are heavily outnumbered when compared to number of students this is the only problem with library.,Neutral,Library Facilities
Insufficient books ,Negative,Library Facilities
"I have no words to say about our library facilities,,,,,,,, SIMPLY AWESOME",Positive,Library Facilities
good but timings should be 24hrs,Neutral,Library Facilities
insufficient books,Negative,Library Facilities
"Library facility is very good but there is a problem collection of books, Available books are very less for some subjects  
",Neutral,Library Facilities
good enough.,Positive,Library Facilities
rough handling,Negative,Library Facilities
books are not available,Negative,Library Facilities
librery facilities are excellent,Positive,Library Facilities
Very rough handling,Negative,Library Facilities
library facilites are good,Positive,Library Facilities
yeah quite well but ... some of the books are not available,Neutral,Library Facilities
library facilities is good,Positive,Library Facilities
library facilty is good,Positive,Library Facilities
super,Positive,Library Facilities
"Library facilities are good, it maintains silence there and makes good environment to study but sometimes it goes very strict which is not required according to me.",Positive,Library Facilities
uncertain,Neutral,Library Facilities
I like reading books in Library,Positive,Library Facilities
i felt its better because there is no problem from library facilities,Positive,Library Facilities
Average,Neutral,Library Facilities
Excellent     but sometimes lack of books especially during exam times,Neutral,Library Facilities
libary is giving a lot to us  but we are not getting it,Neutral,Library Facilities
"i've never went to library in lpu.so,i don't know about that.",Neutral,Library Facilities
I don't know abt that bcoz i didn't go to library till now.,Neutral,Library Facilities
facilities are good to overcome one's need,Positive,Library Facilities
Required text books are not available to every student,Negative,Library Facilities
Its good,Positive,Library Facilities
library facilities are excellent...but only limited books are available ..so books should be increased.,Neutral,Library Facilities
The library has insufficent number of books for all the students,Negative,Library Facilities
very good there we can find several course books and we can find several reference books also...,Positive,Library Facilities
"Library is vast and has got wide variety of books But I think more number of specimen copies of books should be made available
",Neutral,Library Facilities
fine  ,Positive,Library Facilities
VERY NICE....BUT BOOKS ARE NOT AVAILABE EVERY TIME,Neutral,Library Facilities
IT IS ALSO GOOD,Positive,Library Facilities
good ,Neutral,Library Facilities
library facilities are not good.They are not following the rules( they are using phones in library).,Negative,Library Facilities
They are good,Positive,Library Facilities
We have a good library with all facalities.,Positive,Library Facilities
"THEY IS NO PROBLEM WITH THEM
",Negative,Library Facilities
extracurricular activities are excellent and provides best platform to students.,Positive,Extra Curricular
Good ,Positive,Extra Curricular
Extra curricular activities also help students to divert their mind from their study for some time. University plays an important role in this task.,Positive,Extra Curricular
Complete wastage of time. Again this opinion is strictly personal and may not coincide with others.,Negative,Extra Curricular
extracurricular activities increases mental and physical abilities,Positive,Extra Curricular
Yes,Positive,Extra Curricular
No views,Neutral,Extra Curricular
No idea about the extracurricular activities. ,Neutral,Extra Curricular
Good it provides a great platform,Positive,Extra Curricular
While coming to extracurriculum activities it's better than any other university which I had come around.,Positive,Extra Curricular
Awesome,Positive,Extra Curricular
ok,Positive,Extra Curricular
This university is no1 in terms of extracurricular activities and in encouraging students to participate at their comfort levels. ,Positive,Extra Curricular
Good,Positive,Extra Curricular
Great job,Positive,Extra Curricular
excellent,Positive,Extra Curricular
Its give various opportunities and exposure,Positive,Extra Curricular
This is really a good thing that events happen in our university regularly but they must be announced early so that every student can prepare themselves for participation because sometimes we get to know about most of the events when they have already been conducted. So announcement must be there.,Neutral,Extra Curricular
Good.,Positive,Extra Curricular
extracurricular activities held in university are necessary it provides student a platform where they can improve and groom them.,Positive,Extra Curricular
They are really very intersting. All the students enjoys alot and get a chance to showcase there talent,Positive,Extra Curricular
its good for refreshment ,Positive,Extra Curricular
"It's appreciable
Students who are having interest in co curricular activities, getting a good platform",Positive,Extra Curricular
All good,Positive,Extra Curricular
Good but lacks audience.....as only participants can see these activities on duty leave basis,Neutral,Extra Curricular
Perfect,Positive,Extra Curricular
All the activities are gud and appropriate for students,Positive,Extra Curricular
very good,Positive,Extra Curricular
"Thats good but the problm is whenever in university the functions like one india, one world are held we are not alowed to go because we have to attend the classes and if we miss the classes we will gona loose the attendence and everyone knows in lpu attendnce is very important. 
Thanx",Neutral,Extra Curricular
Chance to go and enjoy should be given.I think it should be off when any activity like One India is there to go and enjoy.Otherwise everything is good. ,Negative,Extra Curricular
extracurricular activies should be held when there are no classes for the students to attend so that every student can enjoy and participate in the events,Negative,Extra Curricular
they are amazing and help to boost our stamina.,Positive,Extra Curricular
increasing confidence,Positive,Extra Curricular
average,Neutral,Extra Curricular
best,Positive,Extra Curricular
good,Positive,Extra Curricular
extracurricular activities are good.,Positive,Extra Curricular
"good it is, but teachers do not consider the new ones.",Neutral,Extra Curricular
it is good,Positive,Extra Curricular
extracurrcular activities held in university is good.,Positive,Extra Curricular
"super, the extracurricular activities held in university. So that student can show the efforts in other fields.",Positive,Extra Curricular
good and ample number of extracurricular activities take place,Positive,Extra Curricular
they are good but they should give exposure to more students and not the same.,Neutral,Extra Curricular
I donot participate,Neutral,Extra Curricular
all are enough,Positive,Extra Curricular
all activities are good,Positive,Extra Curricular
More than best,Positive,Extra Curricular
Its upto mark and very efficiently held in our university,Positive,Extra Curricular
provides good platform to interested students,Positive,Extra Curricular
no comments. Because when you participiate you get reappear or backlog and no time is given for exam preparation,Negative,Extra Curricular
"the activities are very good but no time is given to students for participation, so its of no use",Negative,Extra Curricular
lot of activities and students get exposure in games.,Positive,Extra Curricular
too many activities are conducted and student get ample amount of opportunities to participate,Positive,Extra Curricular
they are going excellent,Positive,Extra Curricular
not much interested,Neutral,Extra Curricular
Excellent,Positive,Extra Curricular
bcoz of lectures..we don't get time to participate..,Negative,Extra Curricular
Average,Neutral,Extra Curricular
good.,Positive,Extra Curricular
"i also want to participate in that activities but i can't take part in those activities because I'm a day scholar 
",Negative,Extra Curricular
Extracurricular activities are good and provide a  good platform.,Positive,Extra Curricular
It is good ,Positive,Extra Curricular
that's  great,Positive,Extra Curricular
hahahah,Neutral,Extra Curricular
very good it is a good oppurtunities to many students,Positive,Extra Curricular
there are many oppertunities for students .. its all upon students about how they utilize them.,Positive,Extra Curricular
"good
",Positive,Extra Curricular
It is excellent.,Positive,Extra Curricular
Poor,Neutral,Extra Curricular
some of the universities not conducted any extracurricular activities but in our university doing these it is good for our feature ,Positive,Extra Curricular
IT IS VERY MUCH USEFUL AND WE CAN PARTICIPATE IN OUR INTERESTS,Positive,Extra Curricular
excelent,Positive,Extra Curricular
Quite a lot of events are organized and students have a all round growth which is a nice thing.,Positive,Extra Curricular
Activities are not up to the mark as  advertisement.,Negative,Extra Curricular
very well,Positive,Extra Curricular
Excellent ,Positive,Extra Curricular
It's good but we don't get sufficient time for participating in that activities,Neutral,Extra Curricular
unbiased,Positive,Extra Curricular
LPU gives the best opportunity for the students to show their talent.,Positive,Extra Curricular
these are very usefull to students .excellent,Positive,Extra Curricular
"there are lot of extracurricular activites held in university but so many of them are unknown to us ,the problem is there is no such ad's viewed to us
my rating is 3/5",Neutral,Extra Curricular
these are very use full to the sudents forphysical activity and improvement of knowledge,Positive,Extra Curricular
Sometimes study burden is that much that we can not participate in these activities ...there should b one activity complusory for every student like all other courses ,Negative,Extra Curricular
it helps in building up university's reputation.,Positive,Extra Curricular
It was quite great and unique.,Positive,Extra Curricular
EXTRAORDINARY,Positive,Extra Curricular
they are good,Positive,Extra Curricular
it was quite great and unique,Positive,Extra Curricular
Very good,Positive,Extra Curricular
"it is relly awesome,extirdinary and marvellous but no time to attend",Positive,Extra Curricular
nice,Positive,Extra Curricular
that is only good in this university,Positive,Extra Curricular
excellent..... u r the best in providing facilties and etc .. for extra curricular activities,Positive,Extra Curricular
extracurricular activities are also good,Positive,Extra Curricular
university offers alkot of activities which is excellent on their part as students are able to explore themselves,Positive,Extra Curricular
super,Positive,Extra Curricular
Extracurricular activities are good. It helps people to know their talent and build up their skills.,Positive,Extra Curricular
I am really enjoying ,Positive,Extra Curricular
i felt happy because it encourages our talents,Positive,Extra Curricular
Outstanding,Positive,Extra Curricular
better,Positive,Extra Curricular
excellent  simply superb,Positive,Extra Curricular
"before coming to lpu i thought sports were very good n encouraging.but, there are many politics in sports especially in cricket.",Negative,Extra Curricular
not every one is getting opportunities here only recommended students getting.,Negative,Extra Curricular
it seems to me very good since it is a good source of interaction with other and to built a leadership quilities and to overcome our faults.,Positive,Extra Curricular
They are sportive,Positive,Extra Curricular
One of the best things I like about this university. The best of all.,Positive,Extra Curricular
They are extraordinary,Positive,Extra Curricular
extra curricular are so good. university is providing many pathways to many students....apart from education,Positive,Extra Curricular
good they are knowledgebale and helps us interacting with other students,Positive,Extra Curricular
in this university there is lot of events and lot of extra curriclar activities.... ,Positive,Extra Curricular
The best,Positive,Extra Curricular
good..,Positive,Extra Curricular
excllent,Positive,Extra Curricular
VERY HIGH......NEED TO TAKE DOWN SOME ACCITIVTIES ................................NOISE POLLITION IN THE UNIVERSITY  ALWAYS A BIG PROBLEM.,Negative,Extra Curricular
Yes.,Positive,Extra Curricular
VERY GOOD,Positive,Extra Curricular
they all are held in super,Positive,Extra Curricular
the extracurricular activities held in university  are very enjoyable and good,Positive,Extra Curricular
Our university has lot of extracurricular going on and it helps us a lot.,Positive,Extra Curricular
IT IS THE BEST THING IN THIS UNIVERSITY I LIKE IT,Positive,Extra Curricular
