Feedback,Sentiment,Category,Priority
teacher are punctual but they should also give us the some practical knowledge other than theortical,Neutral,Teaching,Low
Good ,Positive,Teaching,Low
Excellent lectures are delivered by teachers and all teachers are very punctual.,Positive,Teaching,Low
Good,Positive,Teaching,Low
teachers give us all the information required to improve the performance.,Positive,Teaching,Low
Yes,Positive,Teaching,Low
good and punctual,Positive,Teaching,Low
It is good,Positive,Teaching,Low
It's good when compare with my Btech lectures and teaching activities.,Positive,Teaching,Low
way of teaching is good,Positive,Teaching,Low
"University teaching here is very much dependent upon slides,though it is a easy way of teaching but still leaving some concepts unclear..otherwise interaction with the faculty is good.Lecture delivery sometimes is not upto the mark and punctuality is  fine. ",Neutral,Teaching,Low
As compared to other colleges and university our university is perfect in all the aspects,Positive,Teaching,Low
Lectures helps in clear our concept,Positive,Teaching,Low
"Talk about punctuality, it's really good but the lecture delivery is somehow not appreciated because every teacher has different style of teaching, so lack of knowledge in terms of subject is there and interaction is also kind of boring. A teacher should be entertaining as well but they are really not. All they want us to be studios and disciplined which is really not the thinking of every student.",Neutral,Teaching,Medium
"University is very good at delivering proper lectures,also the interaction with students is descent. Sometimes the teachers lack in terms of punctuality but overall university is giving a good input. ",Positive,Teaching,Medium
lecturer are punctual and can interact them easily.,Positive,Teaching,Low
Punctuality is good. Most of the teachers are not interacting with students .,Neutral,Teaching,Low
nice,Positive,Teaching,Low
lecture delivery is not so good,Negative,Teaching,Low
It's good,Positive,Teaching,Low
"Discipline, punctuality , lecture delivery all are good but hv to do some work for quality of lecture",Positive,Teaching,Low
"Interaction is very good,accurate supplement material is provided but recommendation of books is very poor,the change of a particular teacher after 3 months or a semester of same subject causes problems",Neutral,Teaching,High
Perfect,Positive,Teaching,Low
It is really gud,Positive,Teaching,Low
Very good teaching and management but too much load on student and working hours,Neutral,Teaching,Low
in terms of lecture delivery that is good.in terms of punctuality that is also good but in terms of intraction that is very bad. There are some teachers they donot interact and do not litsn our problms that means they do not coprate.,Negative,Teaching,Medium
According to me everything is going well in accordance to interaction.More than enough is served. ,Positive,Teaching,Low
not effective and satisfactory in terms of lecture delivery by all the faculty .,Negative,Teaching,Low
Accurate,Positive,Teaching,Low
it is good depending on the faculty,Positive,Teaching,Low
"maintained punctuality, good lecture delivery",Positive,Teaching,Low
average,Neutral,Teaching,Low
good,Positive,Teaching,Low
"it is quite good , depending on teacher and their experience",Positive,Teaching,Low
"it is quite good , depends upon teacher and their experience",Positive,Teaching,Low
the way of teaching is good but the time more than enough,Positive,Teaching,Low
good teaching delivery,Positive,Teaching,Low
"good, teacher is delivery the lecture in the best way they can",Positive,Teaching,Low
good and qualified teachers but few lacks in interaction with students and fails to describe a topic,Neutral,Teaching,Medium
"very good teaching facilities, lecture given are fruitful and teachers are punctual",Positive,Teaching,Low
interaction is good but not with mostly male lecturers.punctuality is maintained by everyone but lecture delivery not peak quality.,Neutral,Teaching,Low
all things are good,Positive,Teaching,Low
all activties are good,Positive,Teaching,Low
All is good. no other university is so serious about the concept of practicals.,Positive,Teaching,High
"lecture delivery depends on teacher's knowledge, punctuality is good",Positive,Teaching,Low
way of teaching is average,Positive,Teaching,Low
not so good,Negative,Teaching,Low
the staff is highly punctual ad interactive and encourage students to participate in the class,Positive,Teaching,Low
"staff and faculty members are always available for interaction, very punctual and delivery of lecture can be improved",Positive,Teaching,Low
good delivery,Positive,Teaching,Low
"our university is good in terms of lecture delivery,interaction and punctuality",Positive,Teaching,Low
very good,Positive,Teaching,Low
"interaction satisfied, lecture delivery good,punctuality always on time",Positive,Teaching,Low
Excellent but it depends upon teacher,Positive,Teaching,Low
 very good.,Positive,Teaching,Low
it is ok,Positive,Teaching,Low
some teachers aren't doing their jobs in very well manner,Negative,Teaching,Low
Some of the teachers are not well experienced but they are interactive and helpful and punctual.,Positive,Teaching,Low
not all the teachers are teaching well but it's fine,Neutral,Teaching,Low
EXCELLENT,Positive,Teaching,Low
"The faculty is good ,interaction between student and teacher is also good",Positive,Teaching,Low
not good,Negative,Teaching,Low
some of our faculty member are not so experienced that's why most of the time we are facing problems subjects like CSE(c++),Negative,Teaching,High
its to good ,Positive,Teaching,Low
everything is good ,Positive,Teaching,Low
"everything is good but when coming to some lectures who dont have a good grip on subject,they dont behave well with students and they dont even teach all the concepts in the subject. ",Negative,Teaching,Low
excellent,Positive,Teaching,Low
"everything was good regarding to university but, some lecturers don't have grip on the subject and lag in the teaching",Neutral,Teaching,Low
normal,Neutral,Teaching,Low
teaching activities of our university is good. i am satisfied with it.,Positive,Teaching,Low
GOOD,Positive,Teaching,Low
everything is good for faculty,Positive,Teaching,Low
satisfactory,Positive,Teaching,Low
all are good,Positive,Teaching,Low
good but not good . sir improve the subject,Neutral,Teaching,Low
"The university is good but it also has a long way to go. More teachers should have their PhD and college fests related to academic curriculum must be improved to a great extent and must be managed properly.The interaction is good, lecture delivery needs more lucidity. The punctuality is top notch.",Neutral,Teaching,Low
"our university is good in punctuality,lecture delivery but it is not good in terms of interaction",Positive,Teaching,Low
"interaction is very less ,when it comes to lecture delivery its fine but the co cordination not there between the lectueres",Negative,Teaching,Low
All lectures are giving their best to teach the students,Positive,Teaching,Low
our university is very good but in terms of interaction of teachers wd students is not at all fair because they interact wd only students understands his/her teaching they don't make remaining students to understand the topic ,Negative,Teaching,Low
The university consists of a whole world in itself.It is diverse and manages to conduct all events properly.I love being the part of this university where we get equal and all opportunities in all respects and fields.,Positive,Teaching,Low
"teachers are pretty interactive,But it all depends on the student to gain as much as knowledge he can from the teacher.Teachers are punctual and very helpful during exams time.",Positive,Teaching,Low
teaching delivery is good .but it is better to reduce there speed of  lecture delivery to understand the student better,Neutral,Teaching,Low
"overall rating on this activity is 4.5/5 .very nice teaching and interaction between students and lectures was good, every time there will be new and fresh style in  delivering the lectures ,thanks.


 ",Positive,Teaching,Low
"excellent, but reduse the speed of teaching  ,up to understand the students",Neutral,Teaching,Low
"teaching is ok but the interaction with the students need to improve, i mean they have to focus on dull students more  than intelligents....",Neutral,Teaching,Low
Interaction is good but it should b more ...rest is too perfect,Positive,Teaching,Low
"teachers are good in subject,and punctuality",Positive,Teaching,Low
Everything would be fine if there are less number of students in our btech CSE.,Neutral,Teaching,Low
good ,Positive,Teaching,Low
faculties are doing quite well but need more senior lecturers.,Neutral,Teaching,Low
satisfied,Positive,Teaching,Low
"examination department is not good, teaching is quite good, I cant get extra time for extra knowledge, interaction is good


",Positive,Teaching,Low
Well and Good,Positive,Teaching,Low
university management is extordinary but some of the faculty is very bad,Neutral,Teaching,Medium
"some lectures are excellent,but not everyone",Neutral,Teaching,Low
It is very good learning in this university,Positive,Teaching,Low
its  booring,Neutral,Teaching,Low
teaching is good but some lecturers are showing partiality between south people and north people,Neutral,Teaching,Low
"teaching is good but some teachers are not able to interact properly and are not able to clear the concepts properly, teachers are punctual. 
",Neutral,Teaching,Low
"Everything is very good. Interaction part is something like teachers mostly interact with each and every student, lecture delivery is very good and punctuality always maintains.",Positive,Teaching,Low
"I am very much satisfied with teaching faculty interms of iteraction,lecture delivery, punctuality etc",Positive,Teaching,Low
they are showing partiality between north indians and south indians,Negative,Teaching,Low
"Interaction is satisfying, Lecture delivery is Good, Punctuality is Excellent

",Positive,Teaching,Low
staff is showing partiality between north indians and south indians ,Negative,Teaching,Low
excellent university  the mode of teaching is completely different than any other university in india. lecturers are very friendly with every one they interact just like friends and they are very punctual,Positive,Teaching,Low
lecture delivery and punctuality was good but the interaction with students was not good.,Neutral,Teaching,Low
punctuality and lecture is good here but interaction isn't good.,Neutral,Teaching,Low
good enough,Positive,Teaching,Low
"In this university there is good interaction with the students, Teachers in this university can deliver the lectures effectively, There is good punctuality in this university

",Positive,Teaching,Low
Very good indeed. ,Positive,Teaching,Low
"Teaching is excellent,but lecture delivery is not up to the mark.Punctuality is good",Positive,Teaching,Low
interaction of some faculty was good but not all faculty..,Neutral,Teaching,Low
"good, and also like the teaching style",Positive,Teaching,Low
"Interaction between students and teachers is good ,The lectures delivery is fine, punctuality is good
 

",Positive,Teaching,Low
not bad,Positive,Teaching,Medium
Its Quite Good,Positive,Teaching,Low
very good indeed,Positive,Teaching,Low
not bad..,Positive,Teaching,Medium
teaching is good some lecturers are showing partiality between south people and north people,Neutral,Teaching,Low
I WAS A STUDENT OF A BOARDING SCHOOL .....(jnv) I STUDIED FOR 7  YEARS THERE RESIDING IN HOSTEL ..NOW LIVING IN LPU IS SAME LIKE THAT..AND STILL MORE SAME AND PUNCTUALITY IS SHOWN HERE BY BOTH TEACHERS AND STUDENTS...AND ALSO BY THE STAFF..          SECURITY IS ABOVE 90%(IN CASE OF  STUDENT IS WELL MANURED)  ....CLASSES REGULAR ....SPORTS DAILY.....PARTICIPATION WELL/.......QUALITY BELOW AVERAGE,Neutral,Teaching,Low
All terms are good regarding the university activities,Positive,Teaching,Low
intraction is good and leacture delivery also good and then punctuality is also is good,Positive,Teaching,Low
all the given terms are good regarding the university ,Positive,Teaching,Low
All the terms are good regarding the university activities.,Positive,Teaching,Low
Some of the teacher are un experienced. Also they are unfair and baised. Infact many of the teachers are having few or no experience about the subject ,Negative,Teaching,Low
IT IS GOING GOOD,Positive,Teaching,Low
content of courses are average,Neutral,Course Content,Low
Not good,Negative,Course Content,Low
All courses material provide very good knowledge in depth .,Positive,Course Content,Low
"Content of course is perfectly in line with the teaching philosophy that is being perpetuated here i.e cramming,rote learning.",Negative,Course Content,Low
content of courses improves my knowledge,Positive,Course Content,Low
Yes,Positive,Course Content,Low
Good,Positive,Course Content,Low
This semester university has provide best teachers ,Positive,Course Content,Low
Needs some improvement,Negative,Course Content,Low
Knowledge  and depth of the course  is good but while coming to the material it's not upto the mark.,Neutral,Course Content,Low
"Knowledge,depth of course is good but course material are not upto the mark",Neutral,Course Content,Low
course content is knowledgeable ,Positive,Course Content,Low
Content of the courses is good but some courses need improvement. Course material is not upto the mark. ,Negative,Course Content,Medium
Very good,Positive,Course Content,Low
Material of the course is not good enough ,Negative,Course Content,Low
sometimes proper course material is not required.,Negative,Course Content,Low
Easily available course material with sufficient knowledge gaining,Positive,Course Content,Low
"The materials or links provided for study purpose is good, clarity in depth of courses but again it differs from teacher to teacher.",Positive,Course Content,Low
The course notes are very knowledgeable and proper.,Positive,Course Content,Low
content of the courses are update and mostly based on current technology.,Positive,Course Content,Low
Teachers are not giving depth of course . They trying to cover there work only .,Negative,Course Content,Low
good,Positive,Course Content,Low
every thing is fine,Positive,Course Content,Low
It's appreciable,Positive,Course Content,Low
Satisfied,Positive,Course Content,Low
The books that are recommended do not contain appropriate content; leads the students to depend on slides given by teachers. Hence the knowledge remains superficial,Negative,Course Content,Low
Awesome,Positive,Course Content,Low
It is proper,Positive,Course Content,Low
Courses are very good and useful ,Positive,Course Content,Low
Its good,Positive,Course Content,Low
Everything is fine. Every thing is taught in depth.Even a single point is elaborated enough to understand. ,Positive,Course Content,Low
content is good enough,Positive,Course Content,Low
Accurate,Positive,Course Content,Low
Perfect,Positive,Course Content,Low
the material provided is beneficial and provides much knowledge,Positive,Course Content,Low
fully knowledgeable,Positive,Course Content,Low
well planned,Positive,Course Content,Low
ok,Positive,Course Content,Low
average,Neutral,Course Content,Low
content is very knowledgable and gives us huge knowledge of every subject,Positive,Course Content,Low
"content is enough, we donot need more.",Positive,Course Content,Low
good quallity content but some teachers donot upload ppts on time,Neutral,Course Content,Low
course content is good,Positive,Course Content,Low
the content of the course is knowledgeable,Positive,Course Content,Low
subjects are appropriate but much depth is required as syllabus includes only basics not the details,Neutral,Course Content,Low
some courses are irrelevant as they are not related to my stream.,Negative,Course Content,Low
there are many courses which are irrelevant to the branch. some topics are not covered. There is no proper material for any course,Negative,Course Content,Low
not too bad,Positive,Course Content,Medium
course material is perfect,Positive,Course Content,Low
not bad,Positive,Course Content,Medium
IP is provided to the students which is very helpful for the students.,Positive,Course Content,Low
depth of course is less on the other hand knowledge and material is good,Neutral,Course Content,Low
content does not provide deep knowledge,Negative,Course Content,Low
sometime it is irrelevent with the ongoing courses.,Negative,Course Content,Low
average(in one term there should be only two major subjects based on numerical),Neutral,Course Content,Low
some of them are very helpful and knowledgeable and some are just formality,Neutral,Course Content,Low
"very knowledgeable, some subjects do not have dedicated material like books available",Neutral,Course Content,Low
optimum content,Positive,Course Content,Low
very good,Positive,Course Content,Low
it is not appropriate,Negative,Course Content,Low
Satisfied knowedgeable and proper course material,Positive,Course Content,Low
"Good, but there should be at least one a practical subject in every semester",Positive,Course Content,Low
 good.,Positive,Course Content,Low
it is not very deep,Negative,Course Content,Low
course contents are very much relevant to our courses,Positive,Course Content,Low
The course structure is good and follows todays technology. Some subjects portion are too vast and are difficult to cover in 1 sem,Neutral,Course Content,Low
GOOD,Positive,Course Content,Low
content of the course is good ,Positive,Course Content,Low
syllabus is not in debth,Negative,Course Content,Low
Excellent,Positive,Course Content,Low
as per the courses all the sub are providing  worth knowledge,Positive,Course Content,Low
i dont know,Neutral,Course Content,Low
regarding the courses everything is good,Positive,Course Content,Low
coming to the courses these are very well planned... and it all depends on the lectures.,Positive,Course Content,Low
upto the mark,Positive,Course Content,Low
It is so good.,Positive,Course Content,Low
excellent,Positive,Course Content,Low
content of course is ample but depth must be more,Neutral,Course Content,Low
COURSE IS GOOD NO PROPER COURSE MATERIAL,Neutral,Course Content,Low
Content of the courses should be changed a bit. More of industry oriented feature like Linux and GitHub must be implemented. Proper detailing and advanced knowledge is required and is to be instilled in the students.The course material is good.,Negative,Course Content,Low
"good it was knowledgeable,depth of the course is good,there is but proper course materials in only for some  subjects",Positive,Course Content,Low
very good and you can also increase the standard of Courses,Positive,Course Content,Low
The courses available in the university have got a scope and the teaching of these courses goes on with the point of view of bringing out the best from the student by indulging them in different activities and projects.,Positive,Course Content,Low
content of course is more than enough to get the basics of that particular subject.,Positive,Course Content,Low
courses are also good .but lt of subjects in cse departments at 1st year it feels like burden upon us,Neutral,Course Content,Low
 my rating in this is 4/5,Positive,Course Content,Low
"good,they work very hard for us",Neutral,Course Content,Low
syllabus is more which required time ..it should b less so that student can proper concentrate getting the knowlegde instead of just covering the syllabusgood,Negative,Course Content,Low
when compared to other universities we need better material and exposure.,Negative,Course Content,Low
the content of the course should be increased with the depth.,Negative,Course Content,Low
content provided by you is excellent so that we learnt more and more about that particular subject,Positive,Course Content,Low
content of course is appropriate ,Positive,Course Content,Low
The content of course should be increase with depth,Negative,Course Content,Low
In my opnion very less content is their in our syllabus..it will be good if there is more syllabus and depth included in our syllabus,Negative,Course Content,Low
some of the faculty are not uploading ppts,Negative,Course Content,Low
it is good learning these courses,Positive,Course Content,Low
its very tough and very diffcult to understand,Negative,Course Content,Low
Nice,Positive,Course Content,Low
yeah! well some of the faculty are not teaching well but the schedule of the university are superb ... and university asked feedback from us .that is really helpful,Neutral,Course Content,Low
The content of the courses are good but depth of courses are not enough to get the good concepts.,Neutral,Course Content,Low
content is sufficient for us ,Positive,Course Content,Low
"Content of courses are good, these are very knowledgeable, depth of course is also there but sometimes proper course material is not there.",Neutral,Course Content,Low
"I like communication classes,courses are good",Positive,Course Content,Low
they are giving good knowledge for us,Positive,Course Content,Low
"Knowledgeable is Good, Depth of course is satisfying, proper course material is also good

",Positive,Course Content,Low
its good,Positive,Course Content,Low
every thing is good subjects have a very good depth almost all the  books are available   in the library and more than that 4/5,Positive,Course Content,Low
Its nice .,Positive,Course Content,Low
not good ,Negative,Course Content,Low
"The material provided in this university is depth of course, The courses in this university is knowledgeable
",Positive,Course Content,Low
The depth of course is very much  deep. According to me its very essential,Positive,Course Content,Low
Some subjects are good and predictable.Remaining courses are not satisfactory,Neutral,Course Content,Low
depth  of course was good ....providing a basic knowledge not so deep in subjects....at least they should provide deep knowledge and syllabus in core subjects...,Neutral,Course Content,Low
I like this very much because every subject is linked up with real life situations and every thing in the subject is use full,Positive,Course Content,Low
"depth of the course are depended on the level of student intake, course material is delivered after the class in UMS 

",Neutral,Course Content,Low
Pretty Good ,Positive,Course Content,Low
Is good,Positive,Course Content,Low
not good enough.. we want something more.,Negative,Course Content,Low
LESS TIME FOR STUDY ...LESS TIME FOR PAPER ATTEMTING...LESS TIME FOR EVERY THING ....LESS KNOWLEGE.....LESS DEPTH OF COURSE .....BUT PROPER COURSE MATERIAL ACCORDING TO EXAM,Negative,Course Content,Low
knowledge is maximum gained by reading books also the teachers explain depth if we are interested to know about it.,Neutral,Course Content,Low
HAVE TO IMPROVE,Negative,Course Content,Low
every one can tell depth of course but some one only give notes,Neutral,Course Content,Low
we are getting maximum knowledge ,Positive,Course Content,Low
Knowledge is maximum gained  by reading books and also teachers explain the concept in depth.,Positive,Course Content,Low
Its fine but it should focus more towards practical knowledge rather than content based. It would be helpful for us.,Neutral,Course Content,Low
examination pattern is good,Positive,Examination,Low
Good,Positive,Examination,Low
"Exam pattern is up to the mark and the Cgpa depends on the various marks distributions like ca, mte etc which is very nice as compare to other institutions. Paper checking does not depend on length of ques but on the material which is the best part of it.",Positive,Examination,Low
Again the university tests students of their ability to memorize stuff. Questions should emphasize more on concepts rather than testing brain's cramming storage house.,Negative,Examination,Low
Yes,Positive,Examination,Low
I like the question pattern,Positive,Examination,Low
"This university is far better than other university when coming to the exam pattern,marks disturbation and while coming to paper checking no biased corrections equal to all. ",Positive,Examination,Low
Great,Positive,Examination,Low
exam pattern is good and good paper checking.,Positive,Examination,Low
Pattern and procedure of the examination is very good. Paper checking needed to be improved.,Neutral,Examination,Low
Excellent ,Positive,Examination,Low
Good marks distribution Students can easily check there performance throught the semester,Positive,Examination,Low
"Exam pattern and how it is conducted is really seems to be good but it's my first year and when I went to scrutiny for the first time it was not as per my expectations. Teachers have marked the answers as per their choice, they must look for the content rather than the length of answers. So poor paper checking is there.",Neutral,Examination,Medium
Descent.,Positive,Examination,Low
Excellect,Positive,Examination,Low
exam pattern and marks distribution is very well procedure,Positive,Examination,Low
Average,Neutral,Examination,Low
It is statisfactory.,Positive,Examination,Low
not so good,Negative,Examination,Low
all good,Positive,Examination,Low
"Not that much good 
Students are working so hard
But they aren't getting satisfactory result",Negative,Examination,Low
All are good except paper checking. It should be improved,Neutral,Examination,Low
Overall all these things are the plus point of the university,Positive,Examination,Low
Notbad,Positive,Examination,Medium
It is very gud,Positive,Examination,Low
Examination pattern is good but marks distribution very confusing,Neutral,Examination,Low
"Exam pattren is good, marks distribution is also good bt paper cheacking is very tight.",Positive,Examination,Low
Everything is fine. ,Positive,Examination,Low
satisfactory ,Positive,Examination,Low
Very good,Positive,Examination,Low
Accurate,Positive,Examination,Low
it is neither too good nor too bad,Neutral,Examination,Medium
good,Positive,Examination,Low
"examination pattern, marks, paper checking is good.",Positive,Examination,Low
"too many examination, we are frustrated",Negative,Examination,Low
too much examinations,Neutral,Examination,Low
average,Neutral,Examination,Low
examination including exam pattern is good in some ways.MCQs shouls given to students for the preparation of exams.,Positive,Examination,Low
the level of examination should be raised. Questions with reasoning must be included,Negative,Examination,Low
ok,Positive,Examination,Low
fair marking scheme and adaptable pattern,Positive,Examination,Low
pattern of examination is good but paper checking is not at all going in a good way.,Neutral,Examination,Low
there should not be negative marking,Negative,Examination,Low
all things are good,Positive,Examination,Low
not bad,Positive,Examination,Medium
All is good .,Positive,Examination,Low
"I like it , i am satisfied all these work",Positive,Examination,Low
excellent ,Positive,Examination,Low
quite good,Positive,Examination,Low
very poor,Negative,Examination,Medium
exam pattern is good and good paper checking but paper checking can be improved,Positive,Examination,Low
"exam pattern is good, very well marks distribution and paper checking varies from faculty to faculty.",Positive,Examination,Low
all excellent,Positive,Examination,Low
marks distribution is good but paper checking is not that well,Neutral,Examination,Low
satisfied,Positive,Examination,Low
Excellent,Positive,Examination,Low
Very Tough,Negative,Examination,Low
good.,Positive,Examination,Low
it is good,Positive,Examination,Low
bad,Negative,Examination,Medium
Examination pattern is good but mcq paper checking marks are not correct sometimes.,Neutral,Examination,Low
very strict,Negative,Examination,Low
It is a good way in pattern,Positive,Examination,Low
Not good,Negative,Examination,Low
as per the exam pattern maths exam always have to be subjective rather than objective.,Negative,Examination,Low
its very bad thing not sowing answer of mcQ in exam we dont jiged what is rigth and rong where mak mistacvk ,Negative,Examination,Medium
coming to the examinations it is good,Positive,Examination,Low
In CA's its in the hands of lectures... while in mte's and ete's its good.,Neutral,Examination,Low
i think mid trem should be also subjective ,Neutral,Examination,Low
exam pattern and marks distribution are good,Positive,Examination,Low
very good,Positive,Examination,Low
Examination pattern and marks distribution all the terms are good.Ca and MTE also give the chance to students for improving.,Positive,Examination,Low
GOOD,Positive,Examination,Low
in examinations please try to give question papers,Neutral,Examination,Low
GOOD AND STRICT,Positive,Examination,Low
not much good ,Negative,Examination,Low
exams conducting is very good .but paper correction is very bad,Neutral,Examination,Medium
The examination pattern is good. More of logic based and subjective questions to be asked which is based upon conceptual learning. Paper checking must be done in a more lucid manner because many doubts arise with the checking of OMR sheet.,Neutral,Examination,Low
all these are good,Positive,Examination,Low
the best pattern of examination are in lpu .,Positive,Examination,Low
mid term percentage should be increased so that students get more choice to get success in the examinations,Neutral,Examination,Low
"good
",Positive,Examination,Low
The examination system of the university is very impressive.The sitting plan of he students is made in such a way that no 2 students of same class give the exam in same room or even sometimes same blocks.Through this students also get to know and visit different blocks of the university.The checking is also fair .,Positive,Examination,Low
Everything is pretty well organised,Positive,Examination,Low
good ,Positive,Examination,Low
very good 5/5,Positive,Examination,Low
for some subjects like maths and english(passage writing) the time duration neds to increase,Negative,Examination,Low
"Pattern is good ...marks distribution that includes ca,mt,et ,nd attendence all that is  little complicated ",Neutral,Examination,Low
every thing is fine.,Positive,Examination,Low
Probably the best part of university is its examination and its pattern.,Positive,Examination,Low
"I have never seen this type of examination,,,,,,,very GOOD  pattern",Positive,Examination,Low
"examination checking sucks here , don't knw why I get low marks even if 4 qustions are wrong . answer key of exam is absurd, discrepancy system is not advantageous, answers of exam not right, omr should be uploaded


",Negative,Examination,Low
It is best,Positive,Examination,Low
"examination pattern is good but,,there is blunder mistake.that is we ha no alternate to check the mistake where we have done morever no question papers also not given for discussion.so i suggest to..provide option for checking mistakes in the MCQ exams such as midterm.",Negative,Examination,Low
excellent,Positive,Examination,Low
time not sufficient,Negative,Examination,Low
exam pattern is good ,Positive,Examination,Low
excellent!!!,Positive,Examination,Low
every thing is excllent but paper checking is not good,Neutral,Examination,Low
We don't get answers key and even the question papers for our mcq exams.There should be some means by which we could recheck our answers and get to know what mistakes we have made.,Negative,Examination,Low
  exam pattern is very nice but paper checking is not at all good .,Neutral,Examination,Low
Exam pattern and marks distribution are excellent but sometimes there are some errors in paper checking.,Neutral,Examination,Low
exam  pattern is very good but if you give question papers to students it is helpful ,Neutral,Examination,Low
its better,Positive,Examination,Low
"Exam pattern Very good, Marks distribution good but sometimes disappointing, paper checking OK

",Positive,Examination,Low
yeah its obviously good,Positive,Examination,Low
exam pattern is completely different the entire exams are objective oriented resumbling  the education in abroad my review is 5/5,Positive,Examination,Low
everything was good.,Positive,Examination,Low
everything is good.,Positive,Examination,Low
"excellent but checking procedure is not exceptable since we  fail to know our faults in mid term..
",Neutral,Examination,Low
"Excellent exam pattern, paper checking in this university is easy

",Positive,Examination,Low
I don't like the -ve marking system. appart from that everything is great,Neutral,Examination,Low
"Returning the question paper after the exams to be expected,because to clear and clarify the doubts regarding particular subjects",Negative,Examination,Low
examination pattern was excellent,Positive,Examination,Low
"Exams are conducted upon the the basis of the revised chapters upto that point, marks distribution is appropriate, paper checking is good

",Positive,Examination,Low
very hard papers and main concept papers,Neutral,Examination,Low
Good ,Positive,Examination,Low
 Not so good,Negative,Examination,Low
strict paper correction.,Negative,Examination,Low
super but paper checking is not good,Neutral,Examination,Low
NICE TIMING..,Positive,Examination,Low
That's good to have a negative marking pattern in exam but the time is not sufficient to do all the questions.,Neutral,Examination,Low
EXAMPATTERN IS GOOD AND MARKS DISTRIBUTION IS ALSO GOOD AND PAPER CHECKING IS VERY HARD ,Positive,Examination,Low
exam pattern is good and marks distribution is also good but paper checking is too hard,Neutral,Examination,Low
all are good ,Positive,Examination,Low
The examination pattern is good .But time is not sufficient for those questions.,Neutral,Examination,Low
MCQ pattern is quite good and efficient way for evolving students.,Positive,Examination,Low
PAPER CHECKING IS VERY HARD REMAINING IS GOOD,Neutral,Examination,Low
"not satisfactory, lab work must include latest technologies",Negative,Lab Work,Low
Good ,Positive,Lab Work,Low
Lab work is properly covered in the labs by the faculty and evaluations help to learn more practical knowledge in depth. ,Positive,Lab Work,Low
Good,Positive,Lab Work,Low
practical work provides detail knowledge of theoretical work,Positive,Lab Work,Low
Yes,Positive,Lab Work,Low
Everything is going fine in lab . learning new things. That is good for us,Positive,Lab Work,Low
Lab and practical are not upto the mark. The topic which are practiced are almost already done in Btech.,Negative,Lab Work,Low
Not upto the mark,Negative,Lab Work,Low
lab improves practical knowledge,Negative,Lab Work,Low
Sometimes systems at labs are screwed up .Otherwise everything is  at their respected desk.,Neutral,Lab Work,Low
Practical work is fair,Positive,Lab Work,Low
Practical and easy learning,Positive,Lab Work,Low
"The evaluation is again bad for our CA, as one of our faculty is really weird. He gives us remarks on the basis of how we present things in front of it, he never look for the content of our answer, which is really annoying. As he expects us to deliver answer in the way he wants us to do. But how can a person do that, as people do have different mentality and they do explain themselves in different manner, so a teacher must understand that quality of a child and should give him marks on the basis of what they say not what they should say.",Negative,Lab Work,Medium
Good.,Positive,Lab Work,Low
well and good infrastructure and have trending software in lab    ,Positive,Lab Work,Low
Average,Neutral,Lab Work,Low
3 hours practical is so long. It should be of 2 hours only ,Negative,Lab Work,Low
ok ok,Positive,Lab Work,Low
practicle must be of 2 hours,Negative,Lab Work,Low
"It's good 
Also depends on teacher's knowledge and student's interest",Positive,Lab Work,Low
All good,Positive,Lab Work,Low
Average ,Neutral,Lab Work,Low
Too much lanlb file work,Negative,Lab Work,Low
Evaluation method is gud.But the content is more to write in file,Neutral,Lab Work,Low
excellent,Positive,Lab Work,Low
Its good,Positive,Lab Work,Low
I think electrotherapy practical should be of 2 hours.That's enough I think.Rest is fine.,Neutral,Lab Work,Low
lab duration of 3 hours is very long . ,Negative,Lab Work,Low
It's good,Positive,Lab Work,Low
lab evaluations are pretty good .they help us a lot.,Positive,Lab Work,Low
having good material in labs.,Positive,Lab Work,Low
too much good,Positive,Lab Work,Low
good,Positive,Lab Work,Low
average,Neutral,Lab Work,Low
it is difficult to understand experiment in 1 hour,Negative,Lab Work,Low
lab work is also good,Positive,Lab Work,Low
lab work is quite good,Positive,Lab Work,Low
lab activities are good but not satisfactory in explaining point of view.,Neutral,Lab Work,Low
helps in improving skills,Positive,Lab Work,Low
lab work is nice.,Positive,Lab Work,Low
practical work including evaluations are good so that students can learn about practicals.,Positive,Lab Work,Low
laboratory provides us a good knowledge about practicals.,Positive,Lab Work,Low
practical work insome labs are not upto the marks,Negative,Lab Work,Low
labs are good but experiments are not very informative,Neutral,Lab Work,Low
the labs are not practically built,Negative,Lab Work,Low
practical work is good,Positive,Lab Work,Low
super,Positive,Lab Work,Low
This is the best in our university because there is no other university which takes seriously for practical work.,Positive,Lab Work,High
"some time lab is not proper working , some teacher's practical knowledge is less on the other side evaluations is not that much good   ",Negative,Lab Work,Low
satisfactory,Positive,Lab Work,Low
very poor.no equipments are there,Negative,Lab Work,Medium
poor,Negative,Lab Work,Medium
lab practicals and evaluations are below average and need lot of changes and improvements,Negative,Lab Work,Low
lab practical work can further be improved so that it can meet industrial standards,Negative,Lab Work,Low
excellent work,Positive,Lab Work,Low
very good,Positive,Lab Work,Low
its hard to find a computer working in lab. Students cannot save data in one single PC,Negative,Lab Work,Low
"Not good, becouse in lab teachers donot teach us how to work on live projects or how to make a live project. So i have ovserved that whatever teachers have been teachig us in lab that will not usefull in our future life.",Negative,Lab Work,Low
not good..the timing is too much for labs and syllabus is also so vast.we don't get propr revision,Negative,Lab Work,Low
satisfactory.,Positive,Lab Work,Low
i hate it,Negative,Lab Work,Low
Practical work is in interesting but different teachers evaluate in their own way. Some of the teachers in some section  give marks without taking viva and some does not give marks accordingly ,Negative,Lab Work,Low
as per the lab evaluation we r satisfied with  it,Positive,Lab Work,Low
lab and practical work are litial good,Positive,Lab Work,Low
not very good... must be improved.,Negative,Lab Work,Low
bad,Negative,Lab Work,Medium
With the help of practicals students are able to understand all the concept.so it is also good.,Positive,Lab Work,Low
GOOD,Positive,Lab Work,Low
LAB IS VERY GOOD,Positive,Lab Work,Low
not good...... must be improve,Negative,Lab Work,Low
Lab evaluations are good.,Positive,Lab Work,Low
it was good but it can be improved,Neutral,Lab Work,Low
"most of the teacher don't even bother about the practical performed by students.They give marks just by seeing face or something like that.
",Negative,Lab Work,Low
good  but marks are not given properly ,Negative,Lab Work,Low
Excellent,Positive,Lab Work,Low
practicals are good but evaluations are not because they don't give enough time to work ,Neutral,Lab Work,Low
They are conducted in proper way.,Positive,Lab Work,Low
Teachers are supposed to let the students know the actual use of the instruments used in the lab.,Neutral,Lab Work,Low
excellent ...they  work hard..their way of teaching is also pretty good,Positive,Lab Work,Low
average 3.5/5,Neutral,Lab Work,Low
"In labs,the lecturers has to interact with each student to improve their knowledge, in all the ways,before giving us the work they must explain about the experiment once so that we will come to know how to perform n take precautions while doing,........
",Neutral,Lab Work,Low
ok,Positive,Lab Work,Low
its fine.,Positive,Lab Work,Low
More number of lab/practicals should be there to enhance practical knowledge.,Negative,Lab Work,Low
Here we r able to do every thing by our own with u r valuable support ,Positive,Lab Work,Low
pretty good,Positive,Lab Work,Low
Very Good,Positive,Lab Work,Low
There are no sufficient lab equipments in the labs and the avilable euipments are also not perfect.,Negative,Lab Work,Low
it is good leaning in lab but the lab instruments are not properly working,Neutral,Lab Work,Low
very bad,Positive,Lab Work,Medium
labs are very interesting it is helpful to know the knowledge,Positive,Lab Work,Low
According to me students are doing lab only for marks .,Negative,Lab Work,Low
lab practical work help us to learn the things properly and evalution is also very necessary as it helps us to retain concepts,Positive,Lab Work,Low
Lab or practical work is excellent and yes including evaluations also.,Positive,Lab Work,Low
lab is very much helpful,Positive,Lab Work,Low
in lab also they are showing parilaty,Negative,Lab Work,Low
Lab evaluations are very strict,Negative,Lab Work,Low
the lab evaluations are very strict ,Negative,Lab Work,Low
labs n practicals are good.,Positive,Lab Work,Low
practicals are pretty well.,Positive,Lab Work,Low
There is good evaluations in lab regarding practicle ,Positive,Lab Work,Low
Very good,Positive,Lab Work,Low
Its Good,Positive,Lab Work,Low
lab and practical works are good..with a little draw back of faculty in connecting  the lab practical to the outside  world..,Neutral,Lab Work,Low
I like it soo much,Positive,Lab Work,Low
Lab is good the Prof explains everything before the lab begins and the Lab Asst helps us during the experiments ,Positive,Lab Work,Low
very strcitly they evaluted marks ,Negative,Lab Work,Low
Good enough,Positive,Lab Work,Low
nice..enough,Positive,Lab Work,Low
labs are interesting and helpful toknoe the knowledge,Positive,Lab Work,Low
NOT GOOD ...,Negative,Lab Work,Low
Labs helps to know how the work is done.It thought me a good lessons.,Positive,Lab Work,Low
IT IS GOOD,Positive,Lab Work,Low
all labs and practical going on well,Positive,Lab Work,Low
not bad,Positive,Lab Work,Medium
Labs are upto the mark.,Positive,Lab Work,Low
Our labs do not have all facalities. ,Negative,Lab Work,Low
ALL PRACTICAL WORK IS GOOD,Positive,Lab Work,Low
library facilities are good but number of books are less,Neutral,Library Facilities,Low
Not good ,Negative,Library Facilities,Low
Library facilities are excellent in terms of good techniques that are used over there.,Positive,Library Facilities,Low
"Its the best thing i have seen in this university,albeit the behaviour of library staff is unprofessional at times. They are whimsically rude.",Neutral,Library Facilities,Low
library has huge collection of books from different authors,Positive,Library Facilities,Low
Yes,Positive,Library Facilities,Low
Hardworking,Positive,Library Facilities,Low
I am satisfied with the facilities but few books are limited of  database distribution ,Neutral,Library Facilities,Low
Its required some libral in rules,Negative,Library Facilities,Low
Good,Positive,Library Facilities,Low
good library facilities,Positive,Library Facilities,Low
Library facilities are very good. No issues ,Positive,Library Facilities,Medium
Excellent,Positive,Library Facilities,Low
Again some of the faculties don't know how to behave otherwise it is good.,Neutral,Library Facilities,Low
Descent.,Positive,Library Facilities,Low
library is very well managed and provide needed facilities to us,Positive,Library Facilities,Low
They are doing there job well,Positive,Library Facilities,Low
"Well... all the books are not avilable . If they are in library , books are in less number and strength of student are large.",Negative,Library Facilities,Low
all books are not available,Negative,Library Facilities,Low
the system in library usually does not work . so it creates a problem for us to issue the book,Negative,Library Facilities,High
"Sometimes only book is available for some subjects
And it is reserved",Negative,Library Facilities,Low
Its very helpful,Positive,Library Facilities,Low
"Awesome, peaceful, relaxing atmosphere",Positive,Library Facilities,Low
All books are not available,Negative,Library Facilities,Low
I think number of books are very less according to the students .Only 2-3 copies are available.,Negative,Library Facilities,Low
good,Positive,Library Facilities,Low
Thats good,Positive,Library Facilities,Low
I think stock is not enough more books are required. ,Negative,Library Facilities,Low
very cooperative ,Positive,Library Facilities,Low
Nice,Positive,Library Facilities,Low
Satisfactory,Positive,Library Facilities,Low
Fine ,Positive,Library Facilities,Low
Fine,Positive,Library Facilities,Low
library facilities provided are excellent,Positive,Library Facilities,Low
good facilities,Positive,Library Facilities,Low
average,Neutral,Library Facilities,Low
better,Positive,Library Facilities,Low
excellent,Positive,Library Facilities,Low
some books are not available. So please provide,Negative,Library Facilities,Low
there are doing there job good,Positive,Library Facilities,Low
all are hardworking and punctual,Positive,Library Facilities,Low
library is awesome and rich,Positive,Library Facilities,Low
they are good,Positive,Library Facilities,Low
library facility is good,Positive,Library Facilities,Low
library facilities are good for students.,Positive,Library Facilities,Low
very good library facilities. Issuing time of book must be increased,Positive,Library Facilities,Low
more books should be provided and the issue period should be increased,Negative,Library Facilities,Medium
never went there,Neutral,Library Facilities,Low
book issuing time should be increased for 2 weeks,Negative,Library Facilities,Low
Really our library provides very good facilites for students and teachers but fine  system was not good it was directly increased upto 10.This is not a good thing.,Neutral,Library Facilities,Low
Its good and proper design,Positive,Library Facilities,Low
average,Positive,Library Facilities,Low
library contains all the books regarding courses and other materials and very cooperative library staff,Positive,Library Facilities,Low
all the books are easily available and accessable and the limit of book issued need to be increased,Positive,Library Facilities,Medium
all are good,Positive,Library Facilities,Low
library facilities are good . Every book is available in the library,Positive,Library Facilities,Low
"as per libraries, few books are not available and in computer library there are hardly 5 PCs working",Negative,Library Facilities,Low
books are less,Negative,Library Facilities,Low
good.,Positive,Library Facilities,Low
i love it,Positive,Library Facilities,Low
i think library facilities are only for hostelers ,Negative,Library Facilities,Low
Capacity of library is less compared to size of university.,Negative,Library Facilities,Low
library has providing excellent facilities,Positive,Library Facilities,Low
It will provide us various books to increase our knowledge or to understand the  concept because it is good,Positive,Library Facilities,Low
duration of issuing   books from library should be changed from 1week to 2 week that would be great.,Negative,Library Facilities,Low
absolutely fine all books are there but the thing is that the time limit is very less we have to return the book that we have issued  very fast,Negative,Library Facilities,Medium
i dont think about ,Neutral,Library Facilities,Low
very good,Neutral,Library Facilities,Low
very good.,Positive,Library Facilities,Low
very good,Positive,Library Facilities,Low
It is excellent.,Positive,Library Facilities,Low
GOOD,Positive,Library Facilities,Low
good ,Positive,Library Facilities,Low
library facilities need to be improve by bringing some more books,Negative,Library Facilities,Low
EXELLENT,Positive,Library Facilities,Low
Library facilities are the strength of this university. It is awesome.,Positive,Library Facilities,Low
Almost each and every books is there.But the time limit for keeping book is too much shorted. ,Neutral,Library Facilities,Low
"waste ,library is not the good place to study",Negative,Library Facilities,Low
It's good but we don't find the books because their are much less number of books,Neutral,Library Facilities,Low
perfect,Positive,Library Facilities,Low
They are good.,Positive,Library Facilities,Low
it is very nice and timings of library is good 5/5,Positive,Library Facilities,Low
"good but there is more need of keeping books of general topics about social,polity,gk,...etc other than related to subject so that we will get some knowledge about country related issues..............",Neutral,Library Facilities,Medium
Books are heavily outnumbered when compared to number of students this is the only problem with library.,Neutral,Library Facilities,High
Insufficient books ,Negative,Library Facilities,Medium
"I have no words to say about our library facilities,,,,,,,, SIMPLY AWESOME",Positive,Library Facilities,Low
good but timings should be 24hrs,Neutral,Library Facilities,Low
insufficient books,Negative,Library Facilities,Medium
"Library facility is very good but there is a problem collection of books, Available books are very less for some subjects  
",Neutral,Library Facilities,High
good enough.,Positive,Library Facilities,Low
rough handling,Negative,Library Facilities,Low
books are not available,Negative,Library Facilities,Low
librery facilities are excellent,Positive,Library Facilities,Low
Very rough handling,Negative,Library Facilities,Low
library facilites are good,Positive,Library Facilities,Low
yeah quite well but ... some of the books are not available,Neutral,Library Facilities,Low
library facilities is good,Positive,Library Facilities,Low
library facilty is good,Positive,Library Facilities,Low
super,Positive,Library Facilities,Low
"Library facilities are good, it maintains silence there and makes good environment to study but sometimes it goes very strict which is not required according to me.",Positive,Library Facilities,Low
uncertain,Neutral,Library Facilities,Low
I like reading books in Library,Positive,Library Facilities,Low
i felt its better because there is no problem from library facilities,Positive,Library Facilities,High
Average,Neutral,Library Facilities,Low
Excellent     but sometimes lack of books especially during exam times,Neutral,Library Facilities,Medium
libary is giving a lot to us  but we are not getting it,Neutral,Library Facilities,Low
"i've never went to library in lpu.so,i don't know about that.",Neutral,Library Facilities,Low
I don't know abt that bcoz i didn't go to library till now.,Neutral,Library Facilities,Low
facilities are good to overcome one's need,Positive,Library Facilities,Low
Required text books are not available to every student,Negative,Library Facilities,Low
Its good,Positive,Library Facilities,Low
library facilities are excellent...but only limited books are available ..so books should be increased.,Neutral,Library Facilities,Low
The library has insufficent number of books for all the students,Negative,Library Facilities,Low
very good there we can find several course books and we can find several reference books also...,Positive,Library Facilities,Low
"Library is vast and has got wide variety of books But I think more number of specimen copies of books should be made available
",Neutral,Library Facilities,Low
fine  ,Positive,Library Facilities,Low
VERY NICE....BUT BOOKS ARE NOT AVAILABE EVERY TIME,Neutral,Library Facilities,Low
IT IS ALSO GOOD,Positive,Library Facilities,Low
good ,Neutral,Library Facilities,Low
library facilities are not good.They are not following the rules( they are using phones in library).,Negative,Library Facilities,Low
They are good,Positive,Library Facilities,Low
We have a good library with all facalities.,Positive,Library Facilities,Low
"THEY IS NO PROBLEM WITH THEM
",Negative,Library Facilities,High
extracurricular activities are excellent and provides best platform to students.,Positive,Extra Curricular,Low
Good ,Positive,Extra Curricular,Low
Extra curricular activities also help students to divert their mind from their study for some time. University plays an important role in this task.,Positive,Extra Curricular,Low
Complete wastage of time. Again this opinion is strictly personal and may not coincide with others.,Negative,Extra Curricular,Low
extracurricular activities increases mental and physical abilities,Positive,Extra Curricular,Low
Yes,Positive,Extra Curricular,Low
No views,Neutral,Extra Curricular,Low
No idea about the extracurricular activities. ,Neutral,Extra Curricular,Low
Good it provides a great platform,Positive,Extra Curricular,Low
While coming to extracurriculum activities it's better than any other university which I had come around.,Positive,Extra Curricular,Low
Awesome,Positive,Extra Curricular,Low
ok,Positive,Extra Curricular,Low
This university is no1 in terms of extracurricular activities and in encouraging students to participate at their comfort levels. ,Positive,Extra Curricular,Low
Good,Positive,Extra Curricular,Low
Great job,Positive,Extra Curricular,Low
excellent,Positive,Extra Curricular,Low
Its give various opportunities and exposure,Positive,Extra Curricular,Low
This is really a good thing that events happen in our university regularly but they must be announced early so that every student can prepare themselves for participation because sometimes we get to know about most of the events when they have already been conducted. So announcement must be there.,Neutral,Extra Curricular,Low
Good.,Positive,Extra Curricular,Low
extracurricular activities held in university are necessary it provides student a platform where they can improve and groom them.,Positive,Extra Curricular,Low
They are really very intersting. All the students enjoys alot and get a chance to showcase there talent,Positive,Extra Curricular,Low
its good for refreshment ,Positive,Extra Curricular,Low
"It's appreciable
Students who are having interest in co curricular activities, getting a good platform",Positive,Extra Curricular,Low
All good,Positive,Extra Curricular,Low
Good but lacks audience.....as only participants can see these activities on duty leave basis,Neutral,Extra Curricular,Medium
Perfect,Positive,Extra Curricular,Low
All the activities are gud and appropriate for students,Positive,Extra Curricular,Low
very good,Positive,Extra Curricular,Low
"Thats good but the problm is whenever in university the functions like one india, one world are held we are not alowed to go because we have to attend the classes and if we miss the classes we will gona loose the attendence and everyone knows in lpu attendnce is very important. 
Thanx",Neutral,Extra Curricular,Low
Chance to go and enjoy should be given.I think it should be off when any activity like One India is there to go and enjoy.Otherwise everything is good. ,Negative,Extra Curricular,Low
extracurricular activies should be held when there are no classes for the students to attend so that every student can enjoy and participate in the events,Negative,Extra Curricular,Low
they are amazing and help to boost our stamina.,Positive,Extra Curricular,Low
increasing confidence,Positive,Extra Curricular,Low
average,Neutral,Extra Curricular,Low
best,Positive,Extra Curricular,Low
good,Positive,Extra Curricular,Low
extracurricular activities are good.,Positive,Extra Curricular,Low
"good it is, but teachers do not consider the new ones.",Neutral,Extra Curricular,Low
it is good,Positive,Extra Curricular,Low
extracurrcular activities held in university is good.,Positive,Extra Curricular,Low
"super, the extracurricular activities held in university. So that student can show the efforts in other fields.",Positive,Extra Curricular,Low
good and ample number of extracurricular activities take place,Positive,Extra Curricular,Low
they are good but they should give exposure to more students and not the same.,Neutral,Extra Curricular,Low
I donot participate,Neutral,Extra Curricular,Low
all are enough,Positive,Extra Curricular,Low
all activities are good,Positive,Extra Curricular,Low
More than best,Positive,Extra Curricular,Low
Its upto mark and very efficiently held in our university,Positive,Extra Curricular,Low
provides good platform to interested students,Positive,Extra Curricular,Low
no comments. Because when you participiate you get reappear or backlog and no time is given for exam preparation,Negative,Extra Curricular,Low
"the activities are very good but no time is given to students for participation, so its of no use",Negative,Extra Curricular,Low
lot of activities and students get exposure in games.,Positive,Extra Curricular,Low
too many activities are conducted and student get ample amount of opportunities to participate,Positive,Extra Curricular,Low
they are going excellent,Positive,Extra Curricular,Low
not much interested,Neutral,Extra Curricular,Low
Excellent,Positive,Extra Curricular,Low
bcoz of lectures..we don't get time to participate..,Negative,Extra Curricular,Low
Average,Neutral,Extra Curricular,Low
good.,Positive,Extra Curricular,Low
"i also want to participate in that activities but i can't take part in those activities because I'm a day scholar 
",Negative,Extra Curricular,Low
Extracurricular activities are good and provide a  good platform.,Positive,Extra Curricular,Low
It is good ,Positive,Extra Curricular,Low
that's  great,Positive,Extra Curricular,Low
hahahah,Neutral,Extra Curricular,Low
very good it is a good oppurtunities to many students,Positive,Extra Curricular,Low
there are many oppertunities for students .. its all upon students about how they utilize them.,Positive,Extra Curricular,Low
"good
",Positive,Extra Curricular,Low
It is excellent.,Positive,Extra Curricular,Low
Poor,Neutral,Extra Curricular,Medium
some of the universities not conducted any extracurricular activities but in our university doing these it is good for our feature ,Positive,Extra Curricular,Low
IT IS VERY MUCH USEFUL AND WE CAN PARTICIPATE IN OUR INTERESTS,Positive,Extra Curricular,Low
excelent,Positive,Extra Curricular,Low
Quite a lot of events are organized and students have a all round growth which is a nice thing.,Positive,Extra Curricular,Low
Activities are not up to the mark as  advertisement.,Negative,Extra Curricular,Low
very well,Positive,Extra Curricular,Low
Excellent ,Positive,Extra Curricular,Low
It's good but we don't get sufficient time for participating in that activities,Neutral,Extra Curricular,Low
unbiased,Positive,Extra Curricular,Low
LPU gives the best opportunity for the students to show their talent.,Positive,Extra Curricular,Low
these are very usefull to students .excellent,Positive,Extra Curricular,Low
"there are lot of extracurricular activites held in university but so many of them are unknown to us ,the problem is there is no such ad's viewed to us
my rating is 3/5",Neutral,Extra Curricular,High
these are very use full to the sudents forphysical activity and improvement of knowledge,Positive,Extra Curricular,Low
Sometimes study burden is that much that we can not participate in these activities ...there should b one activity complusory for every student like all other courses ,Negative,Extra Curricular,Low
it helps in building up university's reputation.,Positive,Extra Curricular,Low
It was quite great and unique.,Positive,Extra Curricular,Low
EXTRAORDINARY,Positive,Extra Curricular,Low
they are good,Positive,Extra Curricular,Low
it was quite great and unique,Positive,Extra Curricular,Low
Very good,Positive,Extra Curricular,Low
"it is relly awesome,extirdinary and marvellous but no time to attend",Positive,Extra Curricular,Low
nice,Positive,Extra Curricular,Low
that is only good in this university,Positive,Extra Curricular,Low
excellent..... u r the best in providing facilties and etc .. for extra curricular activities,Positive,Extra Curricular,Low
extracurricular activities are also good,Positive,Extra Curricular,Low
university offers alkot of activities which is excellent on their part as students are able to explore themselves,Positive,Extra Curricular,Low
super,Positive,Extra Curricular,Low
Extracurricular activities are good. It helps people to know their talent and build up their skills.,Positive,Extra Curricular,Low
I am really enjoying ,Positive,Extra Curricular,Low
i felt happy because it encourages our talents,Positive,Extra Curricular,Low
Outstanding,Positive,Extra Curricular,Low
better,Positive,Extra Curricular,Low
excellent  simply superb,Positive,Extra Curricular,Low
"before coming to lpu i thought sports were very good n encouraging.but, there are many politics in sports especially in cricket.",Negative,Extra Curricular,Low
not every one is getting opportunities here only recommended students getting.,Negative,Extra Curricular,Low
it seems to me very good since it is a good source of interaction with other and to built a leadership quilities and to overcome our faults.,Positive,Extra Curricular,Low
They are sportive,Positive,Extra Curricular,Low
One of the best things I like about this university. The best of all.,Positive,Extra Curricular,Low
They are extraordinary,Positive,Extra Curricular,Low
extra curricular are so good. university is providing many pathways to many students....apart from education,Positive,Extra Curricular,Low
good they are knowledgebale and helps us interacting with other students,Positive,Extra Curricular,Low
in this university there is lot of events and lot of extra curriclar activities.... ,Positive,Extra Curricular,Low
The best,Positive,Extra Curricular,Low
good..,Positive,Extra Curricular,Low
excllent,Positive,Extra Curricular,Low
VERY HIGH......NEED TO TAKE DOWN SOME ACCITIVTIES ................................NOISE POLLITION IN THE UNIVERSITY  ALWAYS A BIG PROBLEM.,Negative,Extra Curricular,High
Yes.,Positive,Extra Curricular,Low
VERY GOOD,Positive,Extra Curricular,Low
they all are held in super,Positive,Extra Curricular,Low
the extracurricular activities held in university  are very enjoyable and good,Positive,Extra Curricular,Low
Our university has lot of extracurricular going on and it helps us a lot.,Positive,Extra Curricular,Low
IT IS THE BEST THING IN THIS UNIVERSITY I LIKE IT,Positive,Extra Curricular,Low
